Source,Date,Radio Flux (4.8/5.5 GHz),Radio Flux error (4.8/5.5 GHz),Radio Flux (8.4/9.0 GHz),Radio Flux error (8.4/9.0 GHz),X-ray Flux,X-ray Flux Error,X-ray Luminosity,X-ray Luminosity Error,Radio Luminosity,Radio Luminosity Error,Distance,Reference
GX339-4,50483.0,-1.00,-1.00,9.10,0.10,9.660,0.340,1.30E+37,4.56E+35,5.97E+30,6.56E+28,8.0,"C13,C03"
GX339-4,50489.8,-1.00,-1.00,8.20,0.20,8.480,0.298,1.14E+37,4.00E+35,5.38E+30,1.31E+29,8.0,"C13,C03"
GX339-4,50496.8,-1.00,-1.00,8.70,0.20,8.110,0.285,1.09E+37,3.83E+35,5.71E+30,1.31E+29,8.0,"C13,C03"
GX339-4,51222.0,6.34,0.08,4.60,0.08,4.390,0.155,5.89E+36,2.08E+35,3.02E+30,5.25E+28,8.0,"C13,C03"
GX339-4,51240.7,6.07,0.06,5.74,0.06,4.350,0.154,5.84E+36,2.06E+35,3.77E+30,3.94E+28,8.0,"C13,C03"
GX339-4,51270.6,4.75,0.06,5.10,0.06,4.420,0.156,5.94E+36,2.10E+35,3.35E+30,3.94E+28,8.0,"C13,C03"
GX339-4,51290.6,2.92,0.06,3.20,0.06,2.050,0.073,2.75E+36,9.82E+34,2.10E+30,3.94E+28,8.0,"C13,C03"
GX339-4,51312.7,1.25,0.05,1.44,0.06,0.720,0.027,9.67E+35,3.57E+34,9.45E+29,3.94E+28,8.0,"C13,C03"
GX339-4,51354.7,0.14,0.03,0.24,0.05,0.039,0.003,5.28E+34,3.73E+33,1.57E+29,3.28E+28,8.0,"C13,C03"
GX339-4,51366.6,-1.00,-1.00,0.12,0.04,0.015,0.002,2.05E+34,2.60E+33,7.87E+28,2.62E+28,8.0,"C13,C03"
GX339-4,51407.4,-1.00,-1.00,0.27,0.07,0.020,0.003,2.69E+34,4.03E+33,1.77E+29,4.59E+28,8.0,"C13,C03"
GX339-4,51422.4,-1.00,-1.00,0.32,0.05,0.020,0.001,2.63E+34,1.34E+33,2.10E+29,3.28E+28,8.0,"C13,C03"
GX339-4,51436,-1.00,-1.00,0,0.06,0.0057,0.001,7.65e+33,1.34E33,0,3.94e+28,8.0,"C13,C03Upp.Lim."
GX339-4,52368.7,-1.00,-1.00,5.95,0.15,18.620,1.440,2.50E+37,1.93E+36,3.90E+30,9.84E+28,8.0,C13
GX339-4,52369.7,6.77,0.15,7.26,0.20,22.860,2.110,3.07E+37,2.83E+36,4.76E+30,1.31E+29,8.0,C13
GX339-4,52371.7,8.39,0.06,8.27,0.07,30.630,2.660,4.11E+37,3.57E+36,5.43E+30,4.59E+28,8.0,C13
GX339-4,52382.9,13.19,0.05,14.27,0.05,53.860,4.150,7.23E+37,5.57E+36,9.36E+30,3.28E+28,8.0,C13
GX339-4,52784.7,-1.00,-1.00,0.77,0.06,0.186,0.030,2.49E+35,4.03E+34,5.05E+29,3.94E+28,8.0,C13
GX339-4,53039.9,-1.00,-1.00,0.70,0.04,0.145,0.031,1.95E+35,4.18E+34,4.59E+29,2.62E+28,8.0,C13
GX339-4,53048.9,1.27,0.07,1.13,0.08,0.750,0.028,1.01E+36,3.71E+34,7.41E+29,5.25E+28,8.0,C13
GX339-4,53059.1,1.77,0.15,1.84,0.20,2.366,0.084,3.18E+36,1.13E+35,1.21E+30,1.31E+29,8.0,C13
GX339-4,53080.8,4.75,0.06,4.88,0.06,9.067,0.319,1.22E+37,4.28E+35,3.20E+30,3.94E+28,8.0,C13
GX339-4,53081.8,4.92,0.05,4.84,0.11,9.553,0.336,1.28E+37,4.51E+35,3.18E+30,7.22E+28,8.0,C13
GX339-4,53082.8,5.15,0.05,4.98,0.11,9.924,0.349,1.33E+37,4.68E+35,3.27E+30,7.22E+28,8.0,C13
GX339-4,53083.8,5.17,0.04,5.20,0.10,10.060,0.354,1.35E+37,4.75E+35,3.41E+30,6.56E+28,8.0,C13
GX339-4,53481.7,4.35,0.05,4.73,0.05,3.750,0.133,5.04E+36,1.78E+35,3.10E+30,3.28E+28,8.0,C13
GX339-4,53484.7,4.39,0.06,4.23,0.08,2.774,0.098,3.72E+36,1.32E+35,2.78E+30,5.25E+28,8.0,C13
GX339-4,53488.6,3.07,0.10,3.46,0.13,1.850,0.066,2.48E+36,8.88E+34,2.27E+30,8.53E+28,8.0,C13
GX339-4,53489.7,2.88,0.08,3.32,0.10,1.649,0.059,2.21E+36,7.94E+34,2.18E+30,6.56E+28,8.0,C13
GX339-4,53490.6,2.53,0.05,2.94,0.07,1.567,0.056,2.10E+36,7.55E+34,1.93E+30,4.59E+28,8.0,C13
GX339-4,53493.9,1.73,0.10,1.92,0.14,1.170,0.042,1.57E+36,5.69E+34,1.26E+30,9.19E+28,8.0,C13
GX339-4,53494.9,1.87,0.08,1.99,0.10,1.250,0.045,1.68E+36,6.06E+34,1.31E+30,6.56E+28,8.0,C13
GX339-4,53496.9,1.42,0.09,1.69,0.12,0.960,0.035,1.29E+36,4.70E+34,1.11E+30,7.87E+28,8.0,C13
GX339-4,53502.9,1.08,0.12,1.00,0.18,0.726,0.027,9.75E+35,3.60E+34,6.56E+29,1.18E+29,8.0,C13
GX339-4,54044.2,0.37,0.06,0.60,0.07,0.220,0.078,2.95E+35,1.05E+35,3.94E+29,4.59E+28,8.0,C13
GX339-4,54135.1,19.50,0.30,17.00,1.00,54.837,1.921,7.36E+37,2.58E+36,1.12E+31,6.56E+29,8.0,C13
GX339-4,54135.8,21.90,0.30,22.50,0.30,56.801,1.989,7.63E+37,2.67E+36,1.48E+31,1.97E+29,8.0,C13
GX339-4,54251.7,4.34,0.14,4.37,0.09,2.104,0.075,2.82E+36,1.01E+35,2.87E+30,5.91E+28,8.0,C13
GX339-4,54257.7,2.63,0.15,2.63,0.18,1.534,0.055,2.06E+36,7.40E+34,1.73E+30,1.18E+29,8.0,C13
GX339-4,54262.7,1.77,0.18,2.01,0.15,1.280,0.046,1.72E+36,6.20E+34,1.32E+30,9.84E+28,8.0,C13
GX339-4,54276.7,1.69,0.06,1.69,0.05,1.257,0.045,1.69E+36,6.10E+34,1.11E+30,3.28E+28,8.0,C13
GX339-4,54280.5,1.70,0.20,2.00,0.20,1.334,0.048,1.79E+36,6.46E+34,1.31E+30,1.31E+29,8.0,C13
GX339-4,54285.5,1.70,0.20,2.10,0.20,1.810,0.065,2.43E+36,8.69E+34,1.38E+30,1.31E+29,8.0,C13
GX339-4,54294.5,2.36,0.05,2.66,0.05,2.504,0.089,3.36E+36,1.20E+35,1.75E+30,3.28E+28,8.0,C13
GX339-4,54334.5,3.30,0.05,2.95,0.07,3.670,0.130,4.93E+36,1.74E+35,1.94E+30,4.59E+28,8.0,C13
GX339-4,54407.2,0.55,0.06,0.80,0.07,0.250,0.043,3.36E+35,5.84E+34,5.25E+29,4.59E+28,8.0,C13
GX339-4,54432.0,0.59,0.07,0.48,0.07,0.248,0.058,3.33E+35,7.74E+34,3.15E+29,4.59E+28,8.0,C13
GX339-4,54469.1,0.70,0.05,0.65,0.05,0.275,0.063,3.69E+35,8.46E+34,4.26E+29,3.28E+28,8.0,C13
GX339-4,54643.8,0.77,0.08,1.16,0.10,0.714,0.075,9.59E+35,1.01E+35,7.61E+29,6.56E+28,8.0,C13
GX339-4,54652.7,1.08,0.06,1.24,0.07,0.875,0.092,1.18E+36,1.23E+35,8.14E+29,4.59E+28,8.0,C13
GX339-4,54663.7,1.21,0.07,1.51,0.06,1.175,0.121,1.58E+36,1.63E+35,9.91E+29,3.94E+28,8.0,C13
GX339-4,54696.6,1.10,0.10,1.18,0.10,0.858,0.090,1.15E+36,1.21E+35,7.74E+29,6.56E+28,8.0,C13
GX339-4,54738.0,0.69,0.10,0.91,0.10,0.454,0.049,6.09E+35,6.63E+34,5.97E+29,6.56E+28,8.0,C13
GX339-4,54749.4,0.86,0.07,0.73,0.10,0.166,0.021,2.23E+35,2.77E+34,4.79E+29,6.56E+28,8.0,C13
GX339-4,55002.6,2.22,0.03,2.76,0.03,2.010,0.512,2.70E+36,6.88E+35,1.81E+30,1.97E+28,8.0,C13
GX339-4,55134.3,-1.00,-1.00,0,0.05,0.0022,0.0008,3.07e+33,1.07E33,0,3.28e+28,8.0,C13Upp.Lim.
GX339-4,55217.9,5.08,0.04,5.05,0.05,6.022,0.212,8.09E+36,2.85E+35,3.31E+30,3.28E+28,8.0,C13
GX339-4,55240.0,6.17,0.06,5.90,0.10,8.284,0.291,1.11E+37,3.91E+35,3.87E+30,6.56E+28,8.0,C13
GX339-4,55258.9,7.22,0.10,7.30,0.10,14.060,0.493,1.89E+37,6.63E+35,4.79E+30,6.56E+28,8.0,C13
GX339-4,55261.9,9.02,0.10,9.60,0.05,16.405,0.576,2.20E+37,7.73E+35,6.30E+30,3.28E+28,8.0,C13
GX339-4,55262.9,8.24,0.05,8.05,0.10,16.486,0.578,2.21E+37,7.77E+35,5.28E+30,6.56E+28,8.0,C13
GX339-4,55269.8,10.18,0.10,11.32,0.10,20.009,0.702,2.69E+37,9.42E+35,7.43E+30,6.56E+28,8.0,C13
GX339-4,55271.6,10.85,0.10,12.04,0.10,21.914,0.768,2.94E+37,1.03E+36,7.90E+30,6.56E+28,8.0,C13
GX339-4,55276.8,13.76,0.10,15.45,0.06,28.160,0.987,3.78E+37,1.33E+36,1.01E+31,3.94E+28,8.0,C13
GX339-4,55279.8,15.56,0.05,18.59,0.05,33.094,1.160,4.44E+37,1.56E+36,1.22E+31,3.28E+28,8.0,C13
GX339-4,55283.7,19.48,0.10,21.88,0.10,38.024,1.332,5.11E+37,1.79E+36,1.44E+31,6.56E+28,8.0,C13
GX339-4,55286.7,22.68,0.05,25.94,0.05,40.566,1.421,5.45E+37,1.91E+36,1.70E+31,3.28E+28,8.0,C13
GX339-4,55288.9,21.95,0.05,25.18,0.10,43.092,1.510,5.79E+37,2.03E+36,1.65E+31,6.56E+28,8.0,C13
GX339-4,55289.9,18.84,0.10,21.11,0.15,44.362,1.554,5.96E+37,2.09E+36,1.39E+31,9.84E+28,8.0,C13
GX339-4,55290.8,21.60,0.04,23.53,0.05,44.205,1.549,5.94E+37,2.08E+36,1.54E+31,3.28E+28,8.0,C13
GX339-4,55291.8,21.13,0.04,24.69,0.05,45.250,1.585,6.08E+37,2.13E+36,1.62E+31,3.28E+28,8.0,C13
GX339-4,55292.8,21.30,0.05,23.90,0.06,48.940,1.710,6.57E+37,2.30E+36,1.57E+31,3.94E+28,8.0,C13
GX339-4,55605.8,4.45,0.04,4.17,0.05,3.230,0.114,4.34E+36,1.54E+35,2.74E+30,3.28E+28,8.0,C13
GX339-4,55608.0,4.07,0.04,3.87,0.05,2.586,0.092,3.47E+36,1.23E+35,2.54E+30,3.28E+28,8.0,C13
GX339-4,55610.1,3.85,0.10,3.98,0.10,2.029,0.072,2.72E+36,9.72E+34,2.61E+30,6.56E+28,8.0,C13
GX339-4,55613.0,3.31,0.05,3.84,0.05,1.410,0.051,1.89E+36,6.81E+34,2.52E+30,3.28E+28,8.0,C13
GX339-4,55616.7,2.54,0.04,2.95,0.05,0.966,0.035,1.30E+36,4.73E+34,1.94E+30,3.28E+28,8.0,C13
GX339-4,55619.7,1.75,0.10,2.42,0.08,0.760,0.028,1.02E+36,3.76E+34,1.59E+30,5.25E+28,8.0,C13
GX339-4,55623.7,1.32,0.04,1.64,0.05,0.610,0.023,8.19E+35,3.05E+34,1.08E+30,3.28E+28,8.0,C13
GX339-4,55627.1,1.11,0.05,1.26,0.10,0.500,0.019,6.71E+35,2.54E+34,8.27E+29,6.56E+28,8.0,C13
GX339-4,55629.7,1.13,0.05,1.38,0.08,0.460,0.018,6.18E+35,2.35E+34,9.05E+29,5.25E+28,8.0,C13
GX339-4,55640.0,0.63,0.03,0.74,0.04,0.240,0.042,3.22E+35,5.63E+34,4.86E+29,2.62E+28,8.0,C13
GX339-4,55641.9,0.62,0.05,0.76,0.05,0.160,0.040,2.15E+35,5.37E+34,4.99E+29,3.28E+28,8.0,C13
GX339-4,55666.9,0.30,0.02,0.40,0.03,0.030,0.010,4.03E+34,1.34E+34,2.62E+29,1.97E+28,8.0,C13
GX339-4,55678.8,0.88,0.10,0.39,0.10,0.014,0.004,1.88E+34,5.37E+33,2.56E+29,6.56E+28,8.0,C13
GX339-4,55691.9,-1.00,-1.00,0,0.06,0.0018,0.0001,2.39e+33,1.34e+32,0,3.94e+28,8.0,C13Upp.Lim.
GX339-4,55813.3,-1.00,-1.00,0,0.054,0.0022,0.0010,2.95e+33,1.34e+33,0,3.54e+28,8.0,C13Upp.Lim.
GX339-4,56102.8,0.30,0.04,0.34,0.05,0.094,0.010,1.26E+35,1.34E+34,2.23E+29,3.28E+28,8.0,C13
H1743-322,-1.0,-1.00,-1.00,-1.00,-1.00,-1.000,-1.000,3.26E+32,-1.00,0,2.63E+28,8.0,C11Upp.Lim.
H1743-322,-1.0,-1.00,-1.00,-1.00,-1.00,-1.000,-1.000,6.74E+32,-1.00,0,3.95E+28,8.0,C11Upp.Lim.
H1743-322,-1.0,-1.00,-1.00,-1.00,-1.00,-1.000,-1.000,2.70E+33,-1.00,4.61E+28,-1.00,8.0,C11
H1743-322,-1.0,-1.00,-1.00,-1.00,-1.00,-1.000,-1.000,1.70E+34,-1.00,1.12E+29,-1.00,8.0,C11
H1743-322,-1.0,-1.00,-1.00,-1.00,-1.00,-1.000,-1.000,1.70E+34,-1.00,8.56E+28,-1.00,8.0,C11
H1743-322,-1.0,-1.00,-1.00,-1.00,-1.00,-1.000,-1.000,3.70E+34,-1.00,2.04E+29,-1.00,8.0,C11
H1743-322,-1.0,-1.00,-1.00,-1.00,-1.00,-1.000,-1.000,6.90E+34,-1.00,1.51E+29,-1.00,8.0,C11
H1743-322,-1.0,-1.00,-1.00,-1.00,-1.00,-1.000,-1.000,9.26E+34,-1.00,1.26E+29,-1.00,8.0,C11
H1743-322,-1.0,-1.00,-1.00,-1.00,-1.00,-1.000,-1.000,1.45E+35,-1.00,1.38E+29,-1.00,8.0,C11
H1743-322,-1.0,-1.00,-1.00,-1.00,-1.00,-1.000,-1.000,2.13E+35,-1.00,1.51E+29,-1.00,8.0,C11
H1743-322,-1.0,-1.00,-1.00,-1.00,-1.00,-1.000,-1.000,3.37E+35,-1.00,2.04E+29,-1.00,8.0,C11
H1743-322,-1.0,-1.00,-1.00,-1.00,-1.00,-1.000,-1.000,1.30E+36,-1.00,1.84E+29,-1.00,8.0,C11
H1743-322,-1.0,-1.00,-1.00,-1.00,-1.00,-1.000,-1.000,1.49E+36,-1.00,1.45E+29,-1.00,8.0,C11
H1743-322,-1.0,-1.00,-1.00,-1.00,-1.00,-1.000,-1.000,1.74E+36,-1.00,4.16E+29,-1.00,8.0,C11
H1743-322,-1.0,-1.00,-1.00,-1.00,-1.00,-1.000,-1.000,3.14E+36,-1.00,3.69E+29,-1.00,8.0,C11
H1743-322,-1.0,-1.00,-1.00,-1.00,-1.00,-1.000,-1.000,3.46E+36,-1.00,3.87E+29,-1.00,8.0,C11
H1743-322,-1.0,-1.00,-1.00,-1.00,-1.00,-1.000,-1.000,3.73E+36,-1.00,2.96E+29,-1.00,8.0,C11
H1743-322,-1.0,-1.00,-1.00,-1.00,-1.00,-1.000,-1.000,4.29E+36,-1.00,2.21E+29,-1.00,8.0,C11
H1743-322,-1.0,-1.00,-1.00,-1.00,-1.00,-1.000,-1.000,4.47E+36,-1.00,3.16E+29,-1.00,8.0,C11
H1743-322,-1.0,-1.00,-1.00,-1.00,-1.00,-1.000,-1.000,5.89E+36,-1.00,2.70E+29,-1.00,8.0,C11
H1743-322,-1.0,-1.00,-1.00,-1.00,-1.00,-1.000,-1.000,6.06E+36,-1.00,3.42E+29,-1.00,8.0,C11
H1743-322,-1.0,-1.00,-1.00,-1.00,-1.00,-1.000,-1.000,6.21E+36,-1.00,3.60E+29,-1.00,8.0,C11
H1743-322,-1.0,-1.00,-1.00,-1.00,-1.00,-1.000,-1.000,6.47E+36,-1.00,3.90E+29,-1.00,8.0,C11
H1743-322,-1.0,-1.00,-1.00,-1.00,-1.00,-1.000,-1.000,7.36E+36,-1.00,6.19E+29,-1.00,8.0,C11
H1743-322,-1.0,-1.00,-1.00,-1.00,-1.00,-1.000,-1.000,8.25E+36,-1.00,6.19E+29,-1.00,8.0,C11
H1743-322,-1.0,-1.00,-1.00,-1.00,-1.00,-1.000,-1.000,8.40E+36,-1.00,2.90E+29,-1.00,8.0,C11
H1743-322,-1.0,-1.00,-1.00,-1.00,-1.00,-1.000,-1.000,1.29E+37,-1.00,1.15E+30,-1.00,8.0,C11
H1743-322,-1.0,-1.00,-1.00,-1.00,-1.00,-1.000,-1.000,1.41E+37,-1.00,1.67E+30,-1.00,8.0,C11
H1743-322,-1.0,-1.00,-1.00,-1.00,-1.00,-1.000,-1.000,1.46E+37,-1.00,1.60E+30,-1.00,8.0,C11
H1743-322,-1.0,-1.00,-1.00,-1.00,-1.00,-1.000,-1.000,1.48E+37,-1.00,1.57E+30,-1.00,8.0,C11
H1743-322,-1.0,-1.00,-1.00,-1.00,-1.00,-1.000,-1.000,1.68E+37,-1.00,1.48E+30,-1.00,8.0,C11
H1743-322,-1.0,-1.00,-1.00,-1.00,-1.00,-1.000,-1.000,2.04E+37,-1.00,1.80E+30,-1.00,8.0,C11
H1743-322,-1.0,-1.00,-1.00,-1.00,-1.00,-1.000,-1.000,2.11E+37,-1.00,3.01E+30,-1.00,8.0,C11
H1743-322,-1.0,-1.00,-1.00,-1.00,-1.00,-1.000,-1.000,3.10E+37,-1.00,4.25E+30,-1.00,8.0,C11
H1743-322,-1.0,-1.00,-1.00,-1.00,-1.00,-1.000,-1.000,5.81E+37,-1.00,1.12E+31,-1.00,8.0,C11
H1743-322,-1.0,-1.00,-1.00,-1.00,-1.00,-1.000,-1.000,6.67E+37,-1.00,1.28E+31,-1.00,8.0,C11
H1743-322,-1.0,-1.00,-1.00,-1.00,-1.00,-1.000,-1.000,7.66E+37,-1.00,1.44E+31,-1.00,8.0,C11
V404Cyg,-1.0,-1.00,-1.00,-1.00,-1.00,-1.000,-1.000,1.79E+32,-1.00,1.13E+28,-1.00,2.39,C08
V404Cyg,-1.0,-1.00,-1.00,-1.00,-1.00,-1.000,-1.000,9.23E+33,-1.00,6.47E+28,-1.00,2.39,C08
V404Cyg,-1.0,-1.00,-1.00,-1.00,-1.00,-1.000,-1.000,7.79E+34,-1.00,2.70E+29,-1.00,2.39,C08
V404Cyg,-1.0,-1.00,-1.00,-1.00,-1.00,-1.000,-1.000,1.19E+35,-1.00,3.53E+29,-1.00,2.39,C08
V404Cyg,-1.0,-1.00,-1.00,-1.00,-1.00,-1.000,-1.000,1.45E+35,-1.00,4.35E+29,-1.00,2.39,C08
V404Cyg,-1.0,-1.00,-1.00,-1.00,-1.00,-1.000,-1.000,4.98E+35,-1.00,5.76E+29,-1.00,2.39,C08
V404Cyg,-1.0,-1.00,-1.00,-1.00,-1.00,-1.000,-1.000,5.37E+35,-1.00,5.82E+29,-1.00,2.39,C08
V404Cyg,-1.0,-1.00,-1.00,-1.00,-1.00,-1.000,-1.000,6.13E+35,-1.00,6.17E+29,-1.00,2.39,C08
V404Cyg,-1.0,-1.00,-1.00,-1.00,-1.00,-1.000,-1.000,6.83E+35,-1.00,5.88E+29,-1.00,2.39,C08
V404Cyg,-1.0,-1.00,-1.00,-1.00,-1.00,-1.000,-1.000,7.22E+35,-1.00,7.05E+29,-1.00,2.39,C08
V404Cyg,-1.0,-1.00,-1.00,-1.00,-1.00,-1.000,-1.000,9.54E+35,-1.00,8.23E+29,-1.00,2.39,C08
V404Cyg,-1.0,-1.00,-1.00,-1.00,-1.00,-1.000,-1.000,1.58E+36,-1.00,1.15E+30,-1.00,2.39,C08
V404Cyg,-1.0,-1.00,-1.00,-1.00,-1.00,-1.000,-1.000,1.79E+36,-1.00,9.11E+29,-1.00,2.39,C08
V404Cyg,-1.0,-1.00,-1.00,-1.00,-1.00,-1.000,-1.000,2.62E+36,-1.00,1.06E+30,-1.00,2.39,C08
V404Cyg,-1.0,-1.00,-1.00,-1.00,-1.00,-1.000,-1.000,3.82E+36,-1.00,1.76E+30,-1.00,2.39,C08
V404Cyg,-1.0,-1.00,-1.00,-1.00,-1.00,-1.000,-1.000,4.36E+36,-1.00,1.73E+30,-1.00,2.39,C08
V404Cyg,-1.0,-1.00,-1.00,-1.00,-1.00,-1.000,-1.000,4.70E+36,-1.00,1.79E+30,-1.00,2.39,C08
V404Cyg,-1.0,-1.00,-1.00,-1.00,-1.00,-1.000,-1.000,5.82E+36,-1.00,2.73E+30,-1.00,2.39,C08
V404Cyg,-1.0,-1.00,-1.00,-1.00,-1.00,-1.000,-1.000,7.03E+36,-1.00,3.70E+30,-1.00,2.39,C08
V404Cyg,-1.0,-1.00,-1.00,-1.00,-1.00,-1.000,-1.000,7.65E+36,-1.00,2.62E+30,-1.00,2.39,C08
V404Cyg,-1.0,-1.00,-1.00,-1.00,-1.00,-1.000,-1.000,8.13E+36,-1.00,3.00E+30,-1.00,2.39,C08
GRS1915+105,-1.0,-1.00,-1.00,-1.00,-1.00,-1.000,-1.000,3.69E+38,-1.00,1.63E+32,-1.00,11.0,R10
GRS1915+105,-1.0,-1.00,-1.00,-1.00,-1.00,-1.000,-1.000,3.28E+38,-1.00,1.47E+32,-1.00,11.0,R10
GRS1915+105,-1.0,-1.00,-1.00,-1.00,-1.00,-1.000,-1.000,3.30E+38,-1.00,1.93E+32,-1.00,11.0,R10
GRS1915+105,-1.0,-1.00,-1.00,-1.00,-1.00,-1.000,-1.000,3.35E+38,-1.00,1.39E+32,-1.00,11.0,R10
GRS1915+105,-1.0,-1.00,-1.00,-1.00,-1.00,-1.000,-1.000,3.41E+38,-1.00,1.94E+32,-1.00,11.0,R10
GRS1915+105,-1.0,-1.00,-1.00,-1.00,-1.00,-1.000,-1.000,3.44E+38,-1.00,1.45E+32,-1.00,11.0,R10
GRS1915+105,-1.0,-1.00,-1.00,-1.00,-1.00,-1.000,-1.000,3.16E+38,-1.00,1.47E+32,-1.00,11.0,R10
GRS1915+105,-1.0,-1.00,-1.00,-1.00,-1.00,-1.000,-1.000,2.97E+38,-1.00,1.28E+32,-1.00,11.0,R10
GRS1915+105,-1.0,-1.00,-1.00,-1.00,-1.00,-1.000,-1.000,3.02E+38,-1.00,1.46E+32,-1.00,11.0,R10
GRS1915+105,-1.0,-1.00,-1.00,-1.00,-1.00,-1.000,-1.000,3.02E+38,-1.00,1.32E+32,-1.00,11.0,R10
GRS1915+105,-1.0,-1.00,-1.00,-1.00,-1.00,-1.000,-1.000,2.94E+38,-1.00,1.18E+32,-1.00,11.0,R10
GRS1915+105,-1.0,-1.00,-1.00,-1.00,-1.00,-1.000,-1.000,3.10E+38,-1.00,1.03E+32,-1.00,11.0,R10
GRS1915+105,-1.0,-1.00,-1.00,-1.00,-1.00,-1.000,-1.000,2.92E+38,-1.00,1.01E+32,-1.00,11.0,R10
GRS1915+105,-1.0,-1.00,-1.00,-1.00,-1.00,-1.000,-1.000,2.87E+38,-1.00,1.22E+32,-1.00,11.0,R10
GRS1915+105,-1.0,-1.00,-1.00,-1.00,-1.00,-1.000,-1.000,3.03E+38,-1.00,1.11E+32,-1.00,11.0,R10
GRS1915+105,-1.0,-1.00,-1.00,-1.00,-1.00,-1.000,-1.000,3.00E+38,-1.00,1.05E+32,-1.00,11.0,R10
GRS1915+105,-1.0,-1.00,-1.00,-1.00,-1.00,-1.000,-1.000,3.10E+38,-1.00,1.67E+32,-1.00,11.0,R10
GRS1915+105,-1.0,-1.00,-1.00,-1.00,-1.00,-1.000,-1.000,2.84E+38,-1.00,1.29E+32,-1.00,11.0,R10
GRS1915+105,-1.0,-1.00,-1.00,-1.00,-1.00,-1.000,-1.000,2.94E+38,-1.00,1.28E+32,-1.00,11.0,R10
GRS1915+105,-1.0,-1.00,-1.00,-1.00,-1.00,-1.000,-1.000,3.00E+38,-1.00,1.02E+32,-1.00,11.0,R10
GRS1915+105,-1.0,-1.00,-1.00,-1.00,-1.00,-1.000,-1.000,2.76E+38,-1.00,8.89E+31,-1.00,11.0,R10
GRS1915+105,-1.0,-1.00,-1.00,-1.00,-1.00,-1.000,-1.000,3.19E+38,-1.00,1.54E+32,-1.00,11.0,R10
GRS1915+105,-1.0,-1.00,-1.00,-1.00,-1.00,-1.000,-1.000,3.17E+38,-1.00,1.39E+32,-1.00,11.0,R10
GRS1915+105,-1.0,-1.00,-1.00,-1.00,-1.00,-1.000,-1.000,2.50E+38,-1.00,1.16E+32,-1.00,11.0,R10
GRS1915+105,-1.0,-1.00,-1.00,-1.00,-1.00,-1.000,-1.000,2.51E+38,-1.00,1.23E+32,-1.00,11.0,R10
GRS1915+105,-1.0,-1.00,-1.00,-1.00,-1.00,-1.000,-1.000,2.52E+38,-1.00,1.18E+32,-1.00,11.0,R10
GRS1915+105,-1.0,-1.00,-1.00,-1.00,-1.00,-1.000,-1.000,2.52E+38,-1.00,1.23E+32,-1.00,11.0,R10
GRS1915+105,-1.0,-1.00,-1.00,-1.00,-1.00,-1.000,-1.000,2.52E+38,-1.00,1.15E+32,-1.00,11.0,R10
GRS1915+105,-1.0,-1.00,-1.00,-1.00,-1.00,-1.000,-1.000,2.46E+38,-1.00,1.07E+32,-1.00,11.0,R10
GRS1915+105,-1.0,-1.00,-1.00,-1.00,-1.00,-1.000,-1.000,2.46E+38,-1.00,9.79E+31,-1.00,11.0,R10
GRS1915+105,-1.0,-1.00,-1.00,-1.00,-1.00,-1.000,-1.000,2.48E+38,-1.00,8.91E+31,-1.00,11.0,R10
GRS1915+105,-1.0,-1.00,-1.00,-1.00,-1.00,-1.000,-1.000,2.53E+38,-1.00,1.01E+32,-1.00,11.0,R10
GRS1915+105,-1.0,-1.00,-1.00,-1.00,-1.00,-1.000,-1.000,2.47E+38,-1.00,8.36E+31,-1.00,11.0,R10
GRS1915+105,-1.0,-1.00,-1.00,-1.00,-1.00,-1.000,-1.000,2.57E+38,-1.00,8.93E+31,-1.00,11.0,R10
GRS1915+105,-1.0,-1.00,-1.00,-1.00,-1.00,-1.000,-1.000,2.48E+38,-1.00,8.56E+31,-1.00,11.0,R10
GRS1915+105,-1.0,-1.00,-1.00,-1.00,-1.00,-1.000,-1.000,3.60E+38,-1.00,2.04E+32,-1.00,11.0,R10
GRS1915+105,-1.0,-1.00,-1.00,-1.00,-1.00,-1.000,-1.000,3.57E+38,-1.00,1.99E+32,-1.00,11.0,R10
GRS1915+105,-1.0,-1.00,-1.00,-1.00,-1.00,-1.000,-1.000,3.22E+38,-1.00,1.63E+32,-1.00,11.0,R10
GRS1915+105,-1.0,-1.00,-1.00,-1.00,-1.00,-1.000,-1.000,3.27E+38,-1.00,1.82E+32,-1.00,11.0,R10
GRS1915+105,-1.0,-1.00,-1.00,-1.00,-1.00,-1.000,-1.000,3.24E+38,-1.00,1.52E+32,-1.00,11.0,R10
GRS1915+105,-1.0,-1.00,-1.00,-1.00,-1.00,-1.000,-1.000,3.28E+38,-1.00,1.71E+32,-1.00,11.0,R10
GRS1915+105,-1.0,-1.00,-1.00,-1.00,-1.00,-1.000,-1.000,3.07E+38,-1.00,1.37E+32,-1.00,11.0,R10
GRS1915+105,-1.0,-1.00,-1.00,-1.00,-1.00,-1.000,-1.000,3.02E+38,-1.00,1.31E+32,-1.00,11.0,R10
GRS1915+105,-1.0,-1.00,-1.00,-1.00,-1.00,-1.000,-1.000,3.00E+38,-1.00,1.32E+32,-1.00,11.0,R10
GRS1915+105,-1.0,-1.00,-1.00,-1.00,-1.00,-1.000,-1.000,2.90E+38,-1.00,1.20E+32,-1.00,11.0,R10
GRS1915+105,-1.0,-1.00,-1.00,-1.00,-1.00,-1.000,-1.000,2.78E+38,-1.00,1.29E+32,-1.00,11.0,R10
GRS1915+105,-1.0,-1.00,-1.00,-1.00,-1.00,-1.000,-1.000,3.02E+38,-1.00,1.29E+32,-1.00,11.0,R10
GRS1915+105,-1.0,-1.00,-1.00,-1.00,-1.00,-1.000,-1.000,2.98E+38,-1.00,1.10E+32,-1.00,11.0,R10
GRS1915+105,-1.0,-1.00,-1.00,-1.00,-1.00,-1.000,-1.000,2.82E+38,-1.00,1.15E+32,-1.00,11.0,R10
GRS1915+105,-1.0,-1.00,-1.00,-1.00,-1.00,-1.000,-1.000,2.68E+38,-1.00,1.11E+32,-1.00,11.0,R10
GRS1915+105,-1.0,-1.00,-1.00,-1.00,-1.00,-1.000,-1.000,2.70E+38,-1.00,9.45E+31,-1.00,11.0,R10
GRS1915+105,-1.0,-1.00,-1.00,-1.00,-1.00,-1.000,-1.000,2.61E+38,-1.00,8.37E+31,-1.00,11.0,R10
GRS1915+105,-1.0,-1.00,-1.00,-1.00,-1.00,-1.000,-1.000,2.72E+38,-1.00,7.39E+31,-1.00,11.0,R10
GRS1915+105,-1.0,-1.00,-1.00,-1.00,-1.00,-1.000,-1.000,2.84E+38,-1.00,1.49E+32,-1.00,11.0,R10
GRS1915+105,-1.0,-1.00,-1.00,-1.00,-1.00,-1.000,-1.000,3.25E+38,-1.00,1.40E+32,-1.00,11.0,R10
GRS1915+105,-1.0,-1.00,-1.00,-1.00,-1.00,-1.000,-1.000,2.94E+38,-1.00,1.50E+32,-1.00,11.0,R10
GRS1915+105,-1.0,-1.00,-1.00,-1.00,-1.00,-1.000,-1.000,2.91E+38,-1.00,1.25E+32,-1.00,11.0,R10
GRS1915+105,-1.0,-1.00,-1.00,-1.00,-1.00,-1.000,-1.000,3.01E+38,-1.00,1.18E+32,-1.00,11.0,R10
GRS1915+105,-1.0,-1.00,-1.00,-1.00,-1.00,-1.000,-1.000,2.88E+38,-1.00,1.06E+32,-1.00,11.0,R10
GRS1915+105,-1.0,-1.00,-1.00,-1.00,-1.00,-1.000,-1.000,2.77E+38,-1.00,1.15E+32,-1.00,11.0,R10
GRS1915+105,-1.0,-1.00,-1.00,-1.00,-1.00,-1.000,-1.000,2.81E+38,-1.00,1.41E+32,-1.00,11.0,R10
GRS1915+105,-1.0,-1.00,-1.00,-1.00,-1.00,-1.000,-1.000,2.72E+38,-1.00,1.21E+32,-1.00,11.0,R10
GRS1915+105,-1.0,-1.00,-1.00,-1.00,-1.00,-1.000,-1.000,2.63E+38,-1.00,1.17E+32,-1.00,11.0,R10
GRS1915+105,-1.0,-1.00,-1.00,-1.00,-1.00,-1.000,-1.000,2.61E+38,-1.00,9.14E+31,-1.00,11.0,R10
GRS1915+105,-1.0,-1.00,-1.00,-1.00,-1.00,-1.000,-1.000,2.53E+38,-1.00,9.50E+31,-1.00,11.0,R10
GRS1915+105,-1.0,-1.00,-1.00,-1.00,-1.00,-1.000,-1.000,2.37E+38,-1.00,9.87E+31,-1.00,11.0,R10
GRS1915+105,-1.0,-1.00,-1.00,-1.00,-1.00,-1.000,-1.000,2.57E+38,-1.00,1.11E+32,-1.00,11.0,R10
GRS1915+105,-1.0,-1.00,-1.00,-1.00,-1.00,-1.000,-1.000,2.52E+38,-1.00,9.84E+31,-1.00,11.0,R10
GRS1915+105,-1.0,-1.00,-1.00,-1.00,-1.00,-1.000,-1.000,2.56E+38,-1.00,1.09E+32,-1.00,11.0,R10
GRS1915+105,-1.0,-1.00,-1.00,-1.00,-1.00,-1.000,-1.000,2.56E+38,-1.00,1.11E+32,-1.00,11.0,R10
GRS1915+105,-1.0,-1.00,-1.00,-1.00,-1.00,-1.000,-1.000,2.52E+38,-1.00,1.03E+32,-1.00,11.0,R10
GRS1915+105,-1.0,-1.00,-1.00,-1.00,-1.00,-1.000,-1.000,2.54E+38,-1.00,9.48E+31,-1.00,11.0,R10
GRS1915+105,-1.0,-1.00,-1.00,-1.00,-1.00,-1.000,-1.000,2.55E+38,-1.00,1.03E+32,-1.00,11.0,R10
GRS1915+105,-1.0,-1.00,-1.00,-1.00,-1.00,-1.000,-1.000,2.42E+38,-1.00,8.42E+31,-1.00,11.0,R10
GRS1915+105,-1.0,-1.00,-1.00,-1.00,-1.00,-1.000,-1.000,2.47E+38,-1.00,1.04E+32,-1.00,11.0,R10
GRS1915+105,-1.0,-1.00,-1.00,-1.00,-1.00,-1.000,-1.000,2.51E+38,-1.00,1.01E+32,-1.00,11.0,R10
GRS1915+105,-1.0,-1.00,-1.00,-1.00,-1.00,-1.000,-1.000,3.55E+38,-1.00,2.09E+32,-1.00,11.0,R10
GRS1915+105,-1.0,-1.00,-1.00,-1.00,-1.00,-1.000,-1.000,3.40E+38,-1.00,1.44E+32,-1.00,11.0,R10
GRS1915+105,-1.0,-1.00,-1.00,-1.00,-1.00,-1.000,-1.000,3.41E+38,-1.00,1.98E+32,-1.00,11.0,R10
GRS1915+105,-1.0,-1.00,-1.00,-1.00,-1.00,-1.000,-1.000,3.40E+38,-1.00,1.26E+32,-1.00,11.0,R10
GRS1915+105,-1.0,-1.00,-1.00,-1.00,-1.00,-1.000,-1.000,3.35E+38,-1.00,1.75E+32,-1.00,11.0,R10
GRS1915+105,-1.0,-1.00,-1.00,-1.00,-1.00,-1.000,-1.000,3.39E+38,-1.00,1.35E+32,-1.00,11.0,R10
GRS1915+105,-1.0,-1.00,-1.00,-1.00,-1.00,-1.000,-1.000,3.34E+38,-1.00,1.70E+32,-1.00,11.0,R10
GRS1915+105,-1.0,-1.00,-1.00,-1.00,-1.00,-1.000,-1.000,3.25E+38,-1.00,1.75E+32,-1.00,11.0,R10
GRS1915+105,-1.0,-1.00,-1.00,-1.00,-1.00,-1.000,-1.000,3.33E+38,-1.00,1.61E+32,-1.00,11.0,R10
GRS1915+105,-1.0,-1.00,-1.00,-1.00,-1.00,-1.000,-1.000,3.22E+38,-1.00,1.57E+32,-1.00,11.0,R10
GRS1915+105,-1.0,-1.00,-1.00,-1.00,-1.00,-1.000,-1.000,3.24E+38,-1.00,1.28E+32,-1.00,11.0,R10
GROJ1655-40,-1.0,-1.00,-1.00,-1.00,-1.00,-1.000,-1.000,2.69E+35,-1.00,1.16E+29,-1.00,3.2,C11b
GROJ1655-40,-1.0,-1.00,-1.00,-1.00,-1.00,-1.000,-1.000,2.69E+35,-1.00,1.53E+29,-1.00,3.2,C11b
GROJ1655-40,-1.0,-1.00,-1.00,-1.00,-1.00,-1.000,-1.000,5.50E+35,-1.00,1.65E+29,-1.00,3.2,C11b
GROJ1655-40,-1.0,-1.00,-1.00,-1.00,-1.00,-1.000,-1.000,9.32E+35,-1.00,1.58E+29,-1.00,3.2,C11b
GROJ1655-40,-1.0,-1.00,-1.00,-1.00,-1.00,-1.000,-1.000,1.48E+36,-1.00,1.26E+29,-1.00,3.2,C11b
GROJ1655-40,-1.0,-1.00,-1.00,-1.00,-1.00,-1.000,-1.000,1.30E+35,-1.00,1.24E+29,-1.00,3.2,C10
GROJ1655-40,-1.0,-1.00,-1.00,-1.00,-1.00,-1.000,-1.000,7.55E+35,-1.00,6.76E+28,-1.00,3.2,C10
GROJ1655-40,-1.0,0,0.027,0,0.049,0.0011,0.0002,1.41E+32,6.34E+32,0,1.81E+27,3.2,C10Upp.Lim.
NeutronStar,-1.0,-1.00,-1.00,-1.00,-1.00,-1.000,-1.000,1.14E+36,-1.00,1.96E+28,-1.00,-1.0,NS
NeutronStar,-1.0,-1.00,-1.00,-1.00,-1.00,-1.000,-1.000,1.14E+36,-1.00,1.96E+28,-1.00,-1.0,NS
NeutronStar,-1.0,-1.00,-1.00,-1.00,-1.00,-1.000,-1.000,1.16E+36,-1.00,2.40E+28,-1.00,-1.0,NS
NeutronStar,-1.0,-1.00,-1.00,-1.00,-1.00,-1.000,-1.000,1.16E+36,-1.00,2.40E+28,-1.00,-1.0,NS
NeutronStar,-1.0,-1.00,-1.00,-1.00,-1.00,-1.000,-1.000,1.18E+36,-1.00,3.27E+28,-1.00,-1.0,NS
NeutronStar,-1.0,-1.00,-1.00,-1.00,-1.00,-1.000,-1.000,1.18E+36,-1.00,3.27E+28,-1.00,-1.0,NS
NeutronStar,-1.0,-1.00,-1.00,-1.00,-1.00,-1.000,-1.000,1.31E+36,-1.00,3.48E+28,-1.00,-1.0,NS
NeutronStar,-1.0,-1.00,-1.00,-1.00,-1.00,-1.000,-1.000,1.31E+36,-1.00,3.48E+28,-1.00,-1.0,NS
NeutronStar,-1.0,-1.00,-1.00,-1.00,-1.00,-1.000,-1.000,1.33E+36,-1.00,1.96E+28,-1.00,-1.0,NS
NeutronStar,-1.0,-1.00,-1.00,-1.00,-1.00,-1.000,-1.000,1.33E+36,-1.00,1.96E+28,-1.00,-1.0,NS
NeutronStar,-1.0,-1.00,-1.00,-1.00,-1.00,-1.000,-1.000,1.53E+36,-1.00,3.90E+28,-1.00,-1.0,NS
NeutronStar,-1.0,-1.00,-1.00,-1.00,-1.00,-1.000,-1.000,1.92E+36,-1.00,5.84E+28,-1.00,-1.0,NS
NeutronStar,-1.0,-1.00,-1.00,-1.00,-1.00,-1.000,-1.000,1.96E+36,-1.00,1.09E+29,-1.00,-1.0,NS
NeutronStar,-1.0,-1.00,-1.00,-1.00,-1.00,-1.000,-1.000,1.96E+36,-1.00,1.09E+29,-1.00,-1.0,NS
NeutronStar,-1.0,-1.00,-1.00,-1.00,-1.00,-1.000,-1.000,2.32E+36,-1.00,4.57E+28,-1.00,-1.0,NS
NeutronStar,-1.0,-1.00,-1.00,-1.00,-1.00,-1.000,-1.000,2.33E+36,-1.00,6.96E+28,-1.00,-1.0,NS
NeutronStar,-1.0,-1.00,-1.00,-1.00,-1.00,-1.000,-1.000,2.43E+36,-1.00,5.95E+28,-1.00,-1.0,NS
NeutronStar,-1.0,-1.00,-1.00,-1.00,-1.00,-1.000,-1.000,2.58E+36,-1.00,7.23E+28,-1.00,-1.0,NS
NeutronStar,-1.0,-1.00,-1.00,-1.00,-1.00,-1.000,-1.000,2.92E+36,-1.00,7.19E+28,-1.00,-1.0,NS
NeutronStar,-1.0,-1.00,-1.00,-1.00,-1.00,-1.000,-1.000,2.92E+36,-1.00,7.19E+28,-1.00,-1.0,NS
NeutronStar,-1.0,-1.00,-1.00,-1.00,-1.00,-1.000,-1.000,3.44E+36,-1.00,1.35E+29,-1.00,-1.0,NS
NeutronStar,-1.0,-1.00,-1.00,-1.00,-1.00,-1.000,-1.000,3.44E+36,-1.00,1.35E+29,-1.00,-1.0,NS
NeutronStar,-1.0,-1.00,-1.00,-1.00,-1.00,-1.000,-1.000,3.52E+36,-1.00,6.32E+28,-1.00,-1.0,NS
NeutronStar,-1.0,-1.00,-1.00,-1.00,-1.00,-1.000,-1.000,3.59E+36,-1.00,5.75E+28,-1.00,-1.0,NS
NeutronStar,-1.0,-1.00,-1.00,-1.00,-1.00,-1.000,-1.000,4.27E+36,-1.00,1.31E+29,-1.00,-1.0,NS
NeutronStar,-1.0,-1.00,-1.00,-1.00,-1.00,-1.000,-1.000,4.27E+36,-1.00,1.31E+29,-1.00,-1.0,NS
NeutronStar,-1.0,-1.00,-1.00,-1.00,-1.00,-1.000,-1.000,4.60E+36,-1.00,2.40E+28,-1.00,-1.0,NS
NeutronStar,-1.0,-1.00,-1.00,-1.00,-1.00,-1.000,-1.000,7.17E+36,-1.00,2.03E+29,-1.00,-1.0,NS
NeutronStar,-1.0,-1.00,-1.00,-1.00,-1.00,-1.000,-1.000,8.76E+36,-1.00,1.19E+29,-1.00,-1.0,NS
IGRJ17177-3656,-1.0,-1.00,-1.00,-1.00,-1.00,-1.000,-1.000,1.01E+36,-1.00,1.31E+29,-1.00,8.0,P11
IGRJ17091-3624,-1.0,-1.00,-1.00,-1.00,-1.00,-1.000,-1.000,3.78E+37,-1.00,5.09E+30,-1.00,20.0,R11
IGRJ17091-3624,-1.0,-1.00,-1.00,-1.00,-1.00,-1.000,-1.000,5.46E+37,-1.00,6.44E+30,-1.00,20.0,R11
A0620-00,53602.4,-1.00,-1.00,0.05,0.01,-1.000,-1.000,8.94E+30,1.53E+30,7.42E+26,1.02E+26,1.2,G06
XTEJ1118+480,-1.0,-1.00,-1.00,-1.00,-1.00,-1.000,-1.000,2.01E+35,-1.00,2.69E+29,-1.00,1.7,F10
XTEJ1118+480,-1.0,-1.00,-1.00,-1.00,-1.00,-1.000,-1.000,2.18E+35,-1.00,2.53E+29,-1.00,1.7,F10
XTEJ1118+480,-1.0,-1.00,-1.00,-1.00,-1.00,-1.000,-1.000,2.52E+35,-1.00,2.48E+29,-1.00,1.7,F10
XTEJ1118+480,-1.0,-1.00,-1.00,-1.00,-1.00,-1.000,-1.000,2.65E+35,-1.00,1.38E+29,-1.00,1.7,F10
XTEJ1118+480,-1.0,-1.00,-1.00,-1.00,-1.00,-1.000,-1.000,2.87E+35,-1.00,1.62E+29,-1.00,1.7,F10
XTEJ1118+480,-1.0,-1.00,-1.00,-1.00,-1.00,-1.000,-1.000,2.96E+35,-1.00,2.75E+29,-1.00,1.7,F10
XTEJ1118+480,-1.0,-1.00,-1.00,-1.00,-1.00,-1.000,-1.000,3.43E+35,-1.00,2.64E+29,-1.00,1.7,F10
XTEJ1118+480,-1.0,-1.00,-1.00,-1.00,-1.00,-1.000,-1.000,3.72E+35,-1.00,2.38E+29,-1.00,1.7,F10
XTEJ1118+480,-1.0,-1.00,-1.00,-1.00,-1.00,-1.000,-1.000,4.03E+35,-1.00,2.38E+29,-1.00,1.7,F10
XTEJ1118+480,-1.0,-1.00,-1.00,-1.00,-1.00,-1.000,-1.000,4.03E+35,-1.00,1.62E+29,-1.00,1.7,F10
XTEJ1118+480,-1.0,-1.00,-1.00,-1.00,-1.00,-1.000,-1.000,3.20E+35,-1.00,2.56E+29,-1.00,1.7,G03
XTEJ1118+480,-1.0,-1.00,-1.00,-1.00,-1.00,-1.000,-1.000,0,1.80E+30,0,2.50E+26,1.7,MJ11Upp.Lim.
XTEJ1118+480,-1.0,-1.00,-1.00,-1.00,-1.00,1.2e-14,2.0e-15,4.1495e+30,7e+29,8.2989e+25,2.4205e+25,1.7,G14
XTEJ1720-318,-1.0,-1.00,-1.00,-1.00,-1.00,-1.000,-1.000,3.78E+36,-1.00,1.06E+29,-1.00,6.5,"B05,F10"
XTEJ1720-318,-1.0,-1.00,-1.00,-1.00,-1.00,-1.000,-1.000,5.13E+36,-1.00,1.56E+29,-1.00,6.5,"B05,F10"
XTEJ1650-500,52159.9,1.90,0.50,1.60,0.60,68.647,0.686,9.74E+36,9.74E+34,7.35E+28,1.93E+28,2.6,C04
XTEJ1650-500,52160.8,5.28,0.10,4.48,0.10,72.362,0.724,1.03E+37,1.03E+35,2.04E+29,3.87E+27,2.6,C04
XTEJ1650-500,52241.5,1.21,0.06,1.15,0.06,11.581,0.579,1.64E+36,8.21E+34,4.68E+28,2.32E+27,2.6,C04
XTEJ1650-500,52247.6,0.75,0.10,0.00,0.30,7.480,0.374,1.06E+36,5.30E+34,2.90E+28,3.87E+27,2.6,C04
SwiftJ1753.5-0127,53593.3,0.65,0.07,0.70,0.10,9.900,0.229,1.33E+37,3.07E+35,4.59E+29,6.56E+28,8.0,CB07
SwiftJ1753.5-0127,-1.0,-1.00,-1.00,-1.00,-1.00,-1.000,-1.000,1.43E+37,-1.00,6.39E+29,-1.00,8.0,"S10,C11b"
SwiftJ1753.5-0127,-1.0,-1.00,-1.00,-1.00,-1.00,-1.000,-1.000,1.27E+37,-1.00,3.69E+29,-1.00,8.0,"S10,C11b"
SwiftJ1753.5-0127,-1.0,-1.00,-1.00,-1.00,-1.00,-1.000,-1.000,1.18E+37,-1.00,4.28E+29,-1.00,8.0,"S10,C11b"
SwiftJ1753.5-0127,-1.0,-1.00,-1.00,-1.00,-1.00,-1.000,-1.000,1.13E+37,-1.00,3.62E+29,-1.00,8.0,"S10,C11b"
SwiftJ1753.5-0127,-1.0,-1.00,-1.00,-1.00,-1.00,-1.000,-1.000,1.08E+37,-1.00,4.08E+29,-1.00,8.0,"S10,C11b"
SwiftJ1753.5-0127,-1.0,-1.00,-1.00,-1.00,-1.00,-1.000,-1.000,1.02E+37,-1.00,4.21E+29,-1.00,8.0,"S10,C11b"
SwiftJ1753.5-0127,-1.0,-1.00,-1.00,-1.00,-1.00,-1.000,-1.000,9.37E+36,-1.00,2.57E+29,-1.00,8.0,"S10,C11b"
SwiftJ1753.5-0127,-1.0,-1.00,-1.00,-1.00,-1.00,-1.000,-1.000,7.95E+36,-1.00,2.44E+29,-1.00,8.0,"S10,C11b"
SwiftJ1753.5-0127,-1.0,-1.00,-1.00,-1.00,-1.00,-1.000,-1.000,6.42E+36,-1.00,2.96E+29,-1.00,8.0,"S10,C11b"
SwiftJ1753.5-0127,-1.0,-1.00,-1.00,-1.00,-1.00,-1.000,-1.000,3.18E+37,-1.00,1.59E+30,-1.00,8.0,"S10,C11b"
SwiftJ1753.5-0127,-1.0,-1.00,-1.00,-1.00,-1.00,-1.000,-1.000,2.52E+37,-1.00,1.19E+30,-1.00,8.0,"S10,C11b"
SwiftJ1753.5-0127,-1.0,-1.00,-1.00,-1.00,-1.00,-1.000,-1.000,1.92E+37,-1.00,3.10E+29,-1.00,8.0,"S10,C11b"
SwiftJ1753.5-0127,-1.0,-1.00,-1.00,-1.00,-1.00,-1.000,-1.000,1.61E+37,-1.00,3.75E+29,-1.00,8.0,"S10,C11b"
SwiftJ1753.5-0127,-1.0,-1.00,-1.00,-1.00,-1.00,-1.000,-1.000,1.48E+37,-1.00,4.48E+29,-1.00,8.0,"S10,C11b"
SwiftJ1753.5-0127,-1.0,-1.00,-1.00,-1.00,-1.00,-1.000,-1.000,8.04E+36,-1.00,2.44E+29,-1.00,8.0,"S10,C11b"
MAXIJ1659-152,-1.0,4.92,0.04,-1.00,-1.00,0.000,-1.000,1.83E+37,-1.00,1.86E+30,1.51E+28,8.0,J12
MAXIJ1659-152,-1.0,10.00,0.00,-1.00,-1.00,0.000,-1.000,3.66E+37,-1.00,3.78E+30,0.00,8.0,J12
MAXIJ1659-152,-1.0,0.081,0.008,-1.00,-1.00,0.000,-1.000,6.33E+34,-1.00,3.07E+28,3.03E+27,8.0,J12
MAXIJ1659-152,-1.0,0.098,0.016,-1.00,-1.00,0.000,-1.000,1.07E+35,-1.00,3.71E+28,6.05E+27,8.0,J12
MAXIJ1659-152,-1.0,0.102,0.012,-1.00,-1.00,0.000,-1.000,4.43E+34,-1.00,3.86E+28,4.54E+27,8.0,J12
MAXIJ1659-152,-1.0,0,0.0021,-1.00,-1.00,0.000,-1.000,1.32E+33,-1.00,0,7.95E+27,8.0,J12Upp.Lim.
MAXIJ1659-152,-1.0,0,0.0017,-1.00,-1.00,0.000,-1.000,3.43E+31,-1.00,0,6.43E+27,8.0,J12Upp.Lim.
XTEJ1752-223,-1.0,2.50,0.08,2.42,0.05,22.950,0.803,3.08E+37,1.08E+36,1.66E+30,3.41E+28,8.0,B13
XTEJ1752-223,-1.0,2.15,0.11,1.99,0.08,22.570,0.790,3.03E+37,1.06E+36,1.37E+30,5.25E+28,8.0,B13
XTEJ1752-223,-1.0,1.87,0.07,2.05,0.07,23.283,0.815,3.13E+37,1.09E+36,1.41E+30,5.01E+28,8.0,B13
XTEJ1752-223,-1.0,1.78,0.08,2.10,0.10,22.714,0.795,3.05E+37,1.07E+36,1.44E+30,6.94E+28,8.0,B13
XTEJ1752-223,-1.0,20.00,0.06,21.71,0.04,55.799,1.953,7.49E+37,2.62E+36,1.49E+31,3.01E+28,8.0,B13
XTEJ1752-223,-1.0,4.26,0.08,3.26,0.04,6.919,0.242,9.29E+36,3.25E+35,2.24E+30,2.86E+28,8.0,B13
XTEJ1752-223,-1.0,3.45,0.04,2.71,0.04,8.770,0.307,1.18E+37,4.12E+35,1.86E+30,2.42E+28,8.0,B13
XTEJ1752-223,-1.0,3.41,0.05,2.68,0.06,8.513,0.298,1.14E+37,4.00E+35,1.84E+30,4.12E+28,8.0,B13
XTEJ1752-223,-1.0,2.99,0.07,1.91,0.05,9.143,0.320,1.23E+37,4.30E+35,1.31E+30,3.73E+28,8.0,B13
XTEJ1752-223,-1.0,3.24,0.07,2.44,0.04,8.165,0.286,1.10E+37,3.84E+35,1.67E+30,2.63E+28,8.0,B13
XTEJ1752-223,-1.0,2.81,0.03,2.01,0.05,7.800,0.273,1.05E+37,3.67E+35,1.38E+30,3.35E+28,8.0,B13
XTEJ1752-223,-1.0,1.07,0.09,0.90,0.05,5.443,0.190,7.31E+36,2.56E+35,6.17E+29,3.53E+28,8.0,B13
XTEJ1752-223,-1.0,1.21,0.03,0.90,0.03,5.207,0.182,6.99E+36,2.45E+35,6.19E+29,2.17E+28,8.0,B13
XTEJ1752-223,-1.0,1.25,0.06,0.83,0.06,5.000,0.175,6.71E+36,2.35E+35,5.68E+29,3.80E+28,8.0,B13
XTEJ1752-223,-1.0,1.69,0.05,1.07,0.04,3.521,0.123,4.73E+36,1.65E+35,7.35E+29,3.06E+28,8.0,B13
XTEJ1752-223,-1.0,1.70,0.04,1.20,0.03,3.359,0.118,4.51E+36,1.58E+35,8.22E+29,2.25E+28,8.0,B13
XTEJ1752-223,-1.0,1.79,0.06,1.13,0.04,3.170,0.111,4.26E+36,1.49E+35,7.76E+29,2.50E+28,8.0,B13
XTEJ1752-223,-1.0,0.48,0.09,0.28,0.04,0.961,0.034,1.29E+36,4.52E+34,1.93E+29,2.44E+28,8.0,B13
XTEJ1752-223,-1.0,0.26,0.02,0.19,0.04,0.926,0.032,1.24E+36,4.35E+34,1.30E+29,2.83E+28,8.0,B13
XTEJ1752-223,-1.0,0.20,0.03,0.18,0.03,1.289,0.045,1.73E+36,6.06E+34,1.22E+29,2.28E+28,8.0,B13
XTEJ1752-223,-1.0,0.19,0.05,0.15,0.06,1.572,0.055,2.11E+36,7.39E+34,1.06E+29,3.93E+28,8.0,B13
XTEJ1752-223,-1.0,-1.00,-1.00,-1.00,-1.00,-1.000,-1.000,6.99E+36,-1.00,3.09E+29,-1.00,8.0,R12
XTEJ1752-223,-1.0,-1.00,-1.00,-1.00,-1.00,-1.000,-1.000,6.99E+36,-1.00,1.12E+29,-1.00,8.0,R12
XTEJ1752-223,-1.0,-1.00,-1.00,-1.00,-1.00,-1.000,-1.000,1.34E+36,-1.00,7.37E+28,-1.00,8.0,R12
XTEJ1752-223,-1.0,-1.00,-1.00,-1.00,-1.00,-1.000,-1.000,1.82E+36,-1.00,8.77E+28,-1.00,8.0,R12
XTEJ1752-223,-1.0,-1.00,-1.00,-1.00,-1.00,-1.000,-1.000,4.11E+33,-1.00,2.63E+28,-1.00,8.0,R12
XTEJ1752-223,-1.0,-1.00,-1.00,-1.00,-1.00,-1.000,-1.000,4.81E+36,-1.00,1.61E+29,-1.00,8.0,R12
XTEJ1752-223,-1.0,-1.00,-1.00,-1.00,-1.00,-1.000,-1.000,4.14E+36,-1.00,1.02E+29,-1.00,8.0,R12
XTEJ1752-223,-1.0,-1.00,-1.00,-1.00,-1.00,-1.000,-1.000,4.46E+32,-1.00,0,3.51E+28,8.0,R12Upp.Lim.
XTEJ1752-223,-1.0,-1.00,-1.00,-1.00,-1.00,-1.000,-1.000,6.59E+31,-1.00,0,5.36E+28,8.0,R12Upp.Lim.
XTEJ1752-223,-1.0,-1.00,-1.00,-1.00,-1.00,-1.000,-1.000,9.20E+31,-1.00,0,3.30E+28,8.0,R12Upp.Lim.
IGRJ17497-2821,54004.5,0,0.21,0,0.21,5.445,0.191,7.31E+36,2.56E+35,0,1.38E+29,8.0,R07Upp.Lim.
GROJ0422+32,-1.0,-1.00,-1.00,-1.00,-1.00,-1.000,-1.000,7.53E+36,7.53E+35,1.73E+29,1.73E+28,2.5,G03
GROJ0422+32,-1.0,-1.00,-1.00,-1.00,-1.00,-1.000,-1.000,5.65E+36,5.65E+35,2.42E+29,2.42E+28,2.5,G03
GS1354-64,-1.0,-1.00,-1.00,-1.00,-1.00,-1.000,-1.000,1.02E+38,1.02E+37,1.79E+31,1.79E+30,25.0,G03
GS1354-64,-1.0,-1.00,-1.00,-1.00,-1.00,-1.000,-1.000,7.63E+37,7.63E+36,1.73E+31,1.73E+30,25.0,G03
GS1354-64,-1.0,-1.00,-1.00,-1.00,-1.00,-1.000,-1.000,1.32E+38,1.32E+37,1.79E+31,1.79E+30,25.0,G03
4U1543-47,-1.0,-1.00,-1.00,-1.00,-1.00,-1.000,-1.000,9.83E+35,9.83E+34,2.31E+30,2.31E+29,7.5,G03
XTEJ1550-564,-1.0,-1.00,-1.00,-1.00,-1.00,-1.000,-1.000,5.82E+36,2.91E+36,3.74E+29,2.59E+28,5.3,G03
XTEJ1550-564,-1.0,0,0.027,0,0.047,-1.000,0.000,7.62E+33,-1.00,4.97E+27,-1.00,5.3,C10Upp.Lim.
GRS1758-258,-1.0,-1.00,-1.00,-1.00,-1.00,-1.000,-1.000,6.40E+36,6.40E+35,1.04E+29,1.04E+28,8.5,G03
1E1740.7-2942,-1.0,-1.00,-1.00,-1.00,-1.00,-1.000,-1.000,3.92E+36,3.92E+35,3.48E+29,3.48E+28,8.5,G03
V4641Sgr,-1.0,-1.00,-1.00,0,0.047,-1.000,-1.000,1.20E+32,-1.00,0,4.40E+28,9.6,MJ11Upp.Lim.
XTEJ1859+226,-1.0,-1.00,-1.00,0,0.038,-1.000,-1.000,3.90E+30,-1.00,0,1.50E+28,6.3,MJ11Upp.Lim.
XTEJ1908+094,-1.0,-1.00,-1.00,0,0.040,-1.000,-1.000,1.54E+32,-1.00,0,2.90E+28,8.5,MJ11Upp.Lim.
GS2000+25,-1.0,-1.00,-1.00,0,0.030,-1.000,-1.000,2.40E+30,-1.00,0,2.20E+27,2.7,MJ11Upp.Lim.
4U1957(soft),-1.0,-1.00,-1.00,0,-1.00,-1.000,-1.000,5.096E+37,5.096E+36,0,5.4795e+28,22,R1?Upp.Lim
4U1957(soft),-1.0,-1.00,-1.00,0,-1.00,-1.000,-1.000,5.16e+36,5.16e+35,0,5.5474e+27,7,R1?Upp.Lim
J1357.2,-1.0,-1.00,-1.00,0,-1.00,-1.000,-1.000,1.9964e+31,4e+30,0,1.5372e+27,6.3,Plotkinetal.(2015)Upp.Lim
J1357.2,-1.0,-1.00,-1.00,0,-1.00,-1.000,-1.000,2.6609e+30,5e+29,0,2.0488e+26,2.3,Plotkinetal.(2015)Upp.Lim
SwiftJ1753(soft),-1.0,-1.00,-1.00,0,-1.00,-1.000,-1.000,8.739E+36,8.739E+35,0,1.3347e+28,8,Rushton16Upp.Lim.
SwiftJ1753(soft),-1.0,-1.00,-1.00,0,-1.00,-1.000,-1.000,1.070E+36,1.070E+35,0,1.635e+27,2.8,Rushton16Upp.Lim.
SwiftJ1753,-1.0,-1.00,-1.00,-1.00,-1.00,-1.00,-1.00,2.74684625836e+36,-7.16974858128e+34,1.02016980539e+29,6.45466385747e+28,8,Rushtonetal.(2016)
SwiftJ1753,-1.0,-1.00,-1.00,-1.00,-1.00,-1.00,-1.00,2.74684625836e+36,-7.16974858128e+34,1.72607901036e+29,5.41231745088e+28,8,Rushtonetal.(2016)
SwiftJ1753,-1.0,-1.00,-1.00,-1.00,-1.00,-1.00,-1.00,2.83605260568e+36,-3.82422333793e+34,1.63516025238e+29,8.27826726904e+28,8,Rushtonetal.(2016)
SwiftJ1753,-1.0,-1.00,-1.00,-1.00,-1.00,-1.00,-1.00,2.59985913623e+36,-3.61895759497e+34,2.18316640736e+29,1.09625985169e+29,8,Rushtonetal.(2016)
SwiftJ1753,-1.0,-1.00,-1.00,-1.00,-1.00,-1.00,-1.00,2.26973361187e+36,-1.47898563299e+35,1.92273881227e+29,9.48172758084e+28,8,Rushtonetal.(2016)
SwiftJ1753,-1.0,-1.00,-1.00,-1.00,-1.00,-1.00,-1.00,2.26973361187e+36,-1.47898563299e+35,1.32848806503e+29,8.9667760543e+28,8,Rushtonetal.(2016)
SwiftJ1753,-1.0,-1.00,-1.00,-1.00,-1.00,-1.00,-1.00,2.11094370953e+36,-6.57233335925e+34,1.21196112717e+29,7.11672887216e+28,8,Rushtonetal.(2016)
SwiftJ1753,-1.0,-1.00,-1.00,-1.00,-1.00,-1.00,-1.00,2.11094370953e+36,-6.57233335925e+34,1.26468856548e+29,6.76673148003e+28,8,Rushtonetal.(2016)
SwiftJ1753,-1.0,-1.00,-1.00,-1.00,-1.00,-1.00,-1.00,2.33381788319e+36,-1.10950729568e+35,2.09072454204e+29,7.54693712325e+28,8,Rushtonetal.(2016)
SwiftJ1753,-1.0,-1.00,-1.00,-1.00,-1.00,-1.00,-1.00,2.33381788319e+36,-1.10950729568e+35,1.66376985358e+29,6.70967008004e+28,8,Rushtonetal.(2016)
SwiftJ1753,-1.0,-1.00,-1.00,-1.00,-1.00,-1.00,-1.00,2.13071968521e+36,-1.01415063524e+35,1.80414560584e+29,6.01702622374e+28,8,Rushtonetal.(2016)
SwiftJ1753,-1.0,-1.00,-1.00,-1.00,-1.00,-1.00,-1.00,2.13071968521e+36,-1.01415063524e+35,1.57957734186e+29,5.47317169178e+28,8,Rushtonetal.(2016)
SwiftJ1753,-1.0,-1.00,-1.00,-1.00,-1.00,-1.00,-1.00,2.88228335286e+36,-2.87142265049e+34,8.65629631129e+28,7.55182327381e+28,8,Rushtonetal.(2016)
SwiftJ1753,-1.0,-1.00,-1.00,-1.00,-1.00,-1.00,-1.00,2.88228335286e+36,-2.87142265049e+34,1.48440525374e+29,5.94418355095e+28,8,Rushtonetal.(2016)
SwiftJ1753,-1.0,-1.00,-1.00,-1.00,-1.00,-1.00,-1.00,3.67021275736e+36,-1.64365777753e+34,1.51755203767e+29,5.87371898312e+28,8,Rushtonetal.(2016)
SwiftJ1753,-1.0,-1.00,-1.00,-1.00,-1.00,-1.00,-1.00,3.67021275736e+36,-1.64365777753e+34,1.93155249903e+29,5.22272474985e+28,8,Rushtonetal.(2016)
SwiftJ1753,-1.0,-1.00,-1.00,-1.00,-1.00,-1.00,-1.00,3.67021275736e+36,-1.64365777753e+34,2.55258265187e+29,1.03781184487e+29,8,Rushtonetal.(2016)
SwiftJ1753,-1.0,-1.00,-1.00,-1.00,-1.00,-1.00,-1.00,4.33868209496e+36,-9.4491174284e+34,2.15897210306e+29,9.41216330405e+28,8,Rushtonetal.(2016)
SwiftJ1753,-1.0,-1.00,-1.00,-1.00,-1.00,-1.00,-1.00,4.33868209496e+36,-9.4491174284e+34,1.95865826515e+29,7.43513083322e+28,8,Rushtonetal.(2016)
SwiftJ1753,-1.0,-1.00,-1.00,-1.00,-1.00,-1.00,-1.00,3.94957330618e+36,-6.78525827172e+34,1.70293246078e+29,5.6230548376e+28,8,Rushtonetal.(2016)
SwiftJ1753,-1.0,-1.00,-1.00,-1.00,-1.00,-1.00,-1.00,4.99464400874e+36,-5.85313734197e+34,3.30226339512e+29,7.29871441767e+28,8,Rushtonetal.(2016)
SwiftJ1753,-1.0,-1.00,-1.00,-1.00,-1.00,-1.00,-1.00,4.99464400874e+36,-5.85313734197e+34,2.69354904096e+29,5.76167794627e+28,8,Rushtonetal.(2016)
SwiftJ1753,-1.0,-1.00,-1.00,-1.00,-1.00,-1.00,-1.00,4.34999468833e+36,-4.67362523694e+34,3.14418802437e+29,6.77738740861e+28,8,Rushtonetal.(2016)
SwiftJ1753,-1.0,-1.00,-1.00,-1.00,-1.00,-1.00,-1.00,4.05619660497e+36,-6.60909737292e+34,2.08826368987e+29,7.1964495981e+28,8,Rushtonetal.(2016)
SwiftJ1753,-1.0,-1.00,-1.00,-1.00,-1.00,-1.00,-1.00,5.15017110488e+36,-8.11259234835e+34,3.00717437587e+29,8.98221649583e+28,8,Rushtonetal.(2016)
SwiftJ1753,-1.0,-1.00,-1.00,-1.00,-1.00,-1.00,-1.00,3.75031235212e+36,-5.51536796643e+34,1.83294961898e+29,8.94240439274e+28,8,Rushtonetal.(2016)
SwiftJ1753,-1.0,-1.00,-1.00,-1.00,-1.00,-1.00,-1.00,4.80862575878e+36,2.12924912466e+34,1.46524386826e+29,1.3656780318e+29,8,Rushtonetal.(2016)
SwiftJ1753,-1.0,-1.00,-1.00,-1.00,-1.00,-1.00,-1.00,4.51981379477e+36,-9.04930877981e+34,1.25326673131e+29,9.71543664263e+28,8,Rushtonetal.(2016)
SwiftJ1753,-1.0,-1.00,-1.00,-1.00,-1.00,-1.00,-1.00,3.32973203582e+36,-1.06868392217e+35,3.38030909609e+29,1.01687262898e+29,8,Rushtonetal.(2016)
SwiftJ1753,-1.0,-1.00,-1.00,-1.00,-1.00,-1.00,-1.00,4.45242076223e+36,-7.33059114106e+34,1.42031913907e+29,1.03546437033e+29,8,Rushtonetal.(2016)
SwiftJ1753,-1.0,-1.00,-1.00,-1.00,-1.00,-1.00,-1.00,5.5360783608e+36,-1.36134078927e+35,3.47711941774e+29,1.00266365443e+29,8,Rushtonetal.(2016)
SwiftJ1753,-1.0,-1.00,-1.00,-1.00,-1.00,-1.00,-1.00,3.31357884731e+36,5.03973353967e+33,2.20216862096e+29,2.02233900423e+29,8,Rushtonetal.(2016)
SwiftJ1753,-1.0,-1.00,-1.00,-1.00,-1.00,-1.00,-1.00,3.46948124275e+36,-2.98477835928e+34,2.0527827468e+29,1.15062057223e+29,8,Rushtonetal.(2016)
SwiftJ1753,-1.0,-1.00,-1.00,-1.00,-1.00,-1.00,-1.00,4.87538308025e+37,-5.75892955695e+35,2.1171562534e+30,3.42966122046e+29,8,Rushtonetal.(2016)
SwiftJ1753,-1.0,-1.00,-1.00,-1.00,-1.00,-1.00,-1.00,3.10462904383e+37,-1.68961279461e+35,2.05779673227e+30,2.96797605616e+29,8,Rushtonetal.(2016)
SwiftJ1753,-1.0,-1.00,-1.00,-1.00,-1.00,-1.00,-1.00,2.73151260099e+37,-4.72570758963e+34,8.64010807461e+29,2.57224591534e+29,8,Rushtonetal.(2016)
SwiftJ1753,-1.0,-1.00,-1.00,-1.00,-1.00,-1.00,-1.00,1.77964633223e+37,-8.56295151573e+34,7.7826927695e+29,2.83606600922e+29,8,Rushtonetal.(2016)
SwiftJ1753,-1.0,-1.00,-1.00,-1.00,-1.00,-1.00,-1.00,1.00312909031e+37,-9.3058909585e+34,4.35303154904e+29,2.96797605616e+29,8,Rushtonetal.(2016)
SwiftJ1753,-1.0,-1.00,-1.00,-1.00,-1.00,-1.00,-1.00,9.77593419153e+36,-3.7223563834e+34,6.92527746438e+29,2.11056075105e+29,8,Rushtonetal.(2016)
SwiftJ1753,-1.0,-1.00,-1.00,-1.00,-1.00,-1.00,-1.00,4.87538308025e+37,-5.75892955695e+35,1.47739252573e+30,9.23370328584e+28,8,Rushtonetal.(2016)
SwiftJ1753,-1.0,-1.00,-1.00,-1.00,-1.00,-1.00,-1.00,3.10462904383e+37,-1.68961279461e+35,1.56972955859e+30,8.57415305114e+28,8,Rushtonetal.(2016)
SwiftJ1753,-1.0,-1.00,-1.00,-1.00,-1.00,-1.00,-1.00,2.73151260099e+37,-4.72570758963e+34,9.89325352054e+29,8.57415305114e+28,8,Rushtonetal.(2016)
SwiftJ1753,-1.0,-1.00,-1.00,-1.00,-1.00,-1.00,-1.00,1.77964633223e+37,-8.56295151573e+34,5.54022197151e+29,7.91460281644e+28,8,Rushtonetal.(2016)
SwiftJ1753,-1.0,-1.00,-1.00,-1.00,-1.00,-1.00,-1.00,1.00312909031e+37,-9.3058909585e+34,3.75943633781e+29,5.93595211233e+28,8,Rushtonetal.(2016)
SwiftJ1753,-1.0,-1.00,-1.00,-1.00,-1.00,-1.00,-1.00,9.77593419153e+36,-3.7223563834e+34,3.42966122046e+29,4.61685164292e+28,8,Rushtonetal.(2016)
SwiftJ1753,-1.0,-1.00,-1.00,-1.00,-1.00,-1.00,-1.00,6.90197635593e+36,-6.66960481207e+34,4.81471671333e+29,7.91460281644e+28,8,Rushtonetal.(2016)
SwiftJ1753,-1.0,-1.00,-1.00,-1.00,-1.00,-1.00,-1.00,5.90361892823e+36,-6.79674702599e+34,2.70415596228e+29,4.61685164292e+28,8,Rushtonetal.(2016)
SwiftJ1753,-1.0,-1.00,-1.00,-1.00,-1.00,-1.00,-1.00,4.84538211327e+36,-3.50483596923e+34,2.96797605616e+29,3.95730140822e+28,8,Rushtonetal.(2016)
SwiftJ1753,-1.0,-1.00,-1.00,-1.00,-1.00,-1.00,-1.00,4.62096078736e+36,-5.74973855354e+34,2.17651577452e+29,3.95730140822e+28,8,Rushtonetal.(2016)
SwiftJ1753,-1.0,-1.00,-1.00,-1.00,-1.00,-1.00,-1.00,4.62096078736e+36,-5.74973855354e+34,2.37438084493e+29,3.95730140822e+28,8,Rushtonetal.(2016)
SwiftJ1753,-1.0,-1.00,-1.00,-1.00,-1.00,-1.00,-1.00,3.69002702889e+36,-5.15615291627e+34,1.45101051635e+29,2.63820093881e+28,8,Rushtonetal.(2016)
SwiftJ1753,-1.0,-1.00,-1.00,-1.00,-1.00,-1.00,-1.00,5.0138225692e+36,-9.89334926016e+34,6.59550234703e+28,3.29775117351e+28,8,Rushtonetal.(2016)
SwiftJ1753,-1.0,-1.00,-1.00,-1.00,-1.00,-1.00,-1.00,4.75997471403e+36,-2.92044133537e+34,1.121235399e+29,3.95730140822e+28,8,Rushtonetal.(2016)
SwiftJ1753,-1.0,-1.00,-1.00,-1.00,-1.00,-1.00,-1.00,4.87538308025e+37,-5.75892955695e+35,7.51887267561e+29,7.91460281644e+28,8,Rushtonetal.(2016)
SwiftJ1753,-1.0,-1.00,-1.00,-1.00,-1.00,-1.00,-1.00,3.10462904383e+37,-1.68961279461e+35,1.59611156798e+30,3.29775117351e+28,8,Rushtonetal.(2016)
SwiftJ1753,-1.0,-1.00,-1.00,-1.00,-1.00,-1.00,-1.00,2.73151260099e+37,-4.72570758963e+34,1.19378592481e+30,5.93595211233e+28,8,Rushtonetal.(2016)
SwiftJ1753,-1.0,-1.00,-1.00,-1.00,-1.00,-1.00,-1.00,1.77964633223e+37,-8.56295151573e+34,3.0998861031e+29,6.59550234703e+28,8,Rushtonetal.(2016)
SwiftJ1753,-1.0,-1.00,-1.00,-1.00,-1.00,-1.00,-1.00,1.77964633223e+37,-8.56295151573e+34,3.75943633781e+29,4.61685164292e+28,8,Rushtonetal.(2016)
SwiftJ1753,-1.0,-1.00,-1.00,-1.00,-1.00,-1.00,-1.00,1.00312909031e+37,-9.3058909585e+34,4.08921145516e+29,4.61685164292e+28,8,Rushtonetal.(2016)
SwiftJ1753,-1.0,-1.00,-1.00,-1.00,-1.00,-1.00,-1.00,9.77593419153e+36,-3.7223563834e+34,4.2211215021e+29,4.61685164292e+28,8,Rushtonetal.(2016)
SwiftJ1753,-1.0,-1.00,-1.00,-1.00,-1.00,-1.00,-1.00,6.90197635593e+36,-6.66960481207e+34,2.4403358684e+29,4.61685164292e+28,8,Rushtonetal.(2016)
SwiftJ1753,-1.0,-1.00,-1.00,-1.00,-1.00,-1.00,-1.00,5.90361892823e+36,-6.79674702599e+34,2.96797605616e+29,5.93595211233e+28,8,Rushtonetal.(2016)
SwiftJ1753,-1.0,-1.00,-1.00,-1.00,-1.00,-1.00,-1.00,7.11463319746e+36,-6.61216104072e+34,1.84674065717e+29,3.29775117351e+28,8,Rushtonetal.(2016)
SwiftJ1753,-1.0,-1.00,-1.00,-1.00,-1.00,-1.00,-1.00,5.67434168885e+36,-4.6491158945e+34,2.57224591534e+29,3.29775117351e+28,8,Rushtonetal.(2016)
SwiftJ1753,-1.0,-1.00,-1.00,-1.00,-1.00,-1.00,-1.00,6.53355498401e+36,-7.44547868375e+34,2.77011098575e+29,3.29775117351e+28,8,Rushtonetal.(2016)
SwiftJ1753(BAT),-1.0,-1.00,-1.00,-1,-1.00,-1.000,-1.000,6.85509048599e+35,7.8213561065e+34,1.97930745533e+28,1.73439706899e+27,8,Rushtonetal.(2016)
SwiftJ1753(BAT),-1.0,-1.00,-1.00,-1,-1.00,-1.000,-1.000,6.85509048599e+35,7.8213561065e+34,2.62914038226e+28,1.17811249412e+28,8,Rushtonetal.(2016)
SwiftJ1753(BAT),-1.0,-1.00,-1.00,-1,-1.00,-1.000,-1.000,7.14412259479e+35,5.52911193655e+34,2.51806679082e+28,1.69202971231e+28,8,Rushtonetal.(2016)
SwiftJ1753(BAT),-1.0,-1.00,-1.00,-1,-1.00,-1.000,-1.000,7.58588869251e+35,6.90761833858e+34,5.94793286253e+28,2.97396643127e+28,8,Rushtonetal.(2016)
SwiftJ1753(BAT),-1.0,-1.00,-1.00,-1,-1.00,-1.000,-1.000,8.44620988594e+35,7.19118645352e+34,5.85807418717e+28,1.7186716729e+28,8,Rushtonetal.(2016)
SwiftJ1753(BAT),-1.0,-1.00,-1.00,-1,-1.00,-1.000,-1.000,7.28663628196e+35,5.8181659891e+34,2.23440847752e+28,1.65440022582e+28,8,Rushtonetal.(2016)
SwiftJ1753(BAT),-1.0,-1.00,-1.00,-1,-1.00,-1.000,-1.000,7.01721640011e+35,6.87909146303e+34,2.70701410935e+28,1.7341792159e+28,8,Rushtonetal.(2016)
SwiftJ1753(BAT),-1.0,-1.00,-1.00,-1,-1.00,-1.000,-1.000,7.03841954896e+35,5.65276497023e+34,1.847952635e+28,1.51713646463e+28,8,Rushtonetal.(2016)
SwiftJ1753(BAT),-1.0,-1.00,-1.00,-1,-1.00,-1.000,-1.000,9.23112138102e+35,2.18066568495e+35,3.25881478123e+28,1.62940739061e+28,8,Rushtonetal.(2016)
SwiftJ1753(BAT),-1.0,-1.00,-1.00,-1,-1.00,-1.000,-1.000,1.34074888785e+36,6.70374443927e+35,3.38309666486e+28,1.38997700366e+28,8,Rushtonetal.(2016)
SwiftJ1753(BAT),-1.0,-1.00,-1.00,-1,-1.00,-1.000,-1.000,6.17655680706e+35,7.70198210416e+34,3.1545292427e+28,9.75847892907e+27,8,Rushtonetal.(2016)
SwiftJ1753(BAT),-1.0,-1.00,-1.00,-1,-1.00,-1.000,-1.000,5.42943245022e+35,8.47747424437e+34,4.71426780969e+28,2.35713390484e+28,8,Rushtonetal.(2016)
SwiftJ1753(BAT),-1.0,-1.00,-1.00,-1,-1.00,-1.000,-1.000,5.62169810556e+35,6.12033143252e+34,2.36760742782e+28,9.41803388476e+27,8,Rushtonetal.(2016)
SwiftJ1753(BAT),-1.0,-1.00,-1.00,-1,-1.00,-1.000,-1.000,5.89358665932e+35,7.67548502552e+34,4.27912913579e+28,2.1395645679e+28,8,Rushtonetal.(2016)
SwiftJ1753(BAT),-1.0,-1.00,-1.00,-1,-1.00,-1.000,-1.000,5.64322492473e+35,8.30044303777e+34,2.31916897593e+28,9.16180297449e+27,8,Rushtonetal.(2016)
SwiftJ1753(BAT),-1.0,-1.00,-1.00,-1,-1.00,-1.000,-1.000,5.91028036746e+35,6.5450527221e+34,2.75345637408e+28,8.93218815117e+27,8,Rushtonetal.(2016)
SwiftJ1753(BAT),-1.0,-1.00,-1.00,-1,-1.00,-1.000,-1.000,6.1126840355e+35,8.12631937811e+34,3.07928868799e+28,1.89858591899e+28,8,Rushtonetal.(2016)
SwiftJ1753(BAT),-1.0,-1.00,-1.00,-1,-1.00,-1.000,-1.000,5.75879168637e+35,7.8685900293e+34,1.8143910048e+28,9.28735398653e+27,8,Rushtonetal.(2016)
SwiftJ1753(BAT),-1.0,-1.00,-1.00,-1,-1.00,-1.000,-1.000,5.73295840617e+35,9.46856373256e+34,1.50443654194e+28,8.63773356933e+27,8,Rushtonetal.(2016)
SwiftJ1753(BAT),-1.0,-1.00,-1.00,-1,-1.00,-1.000,-1.000,4.45036813727e+35,6.51943339347e+34,2.76485533462e+28,1.38242766731e+28,8,Rushtonetal.(2016)
SwiftJ1753(BAT),-1.0,-1.00,-1.00,-1,-1.00,-1.000,-1.000,3.97126474819e+35,5.59560150036e+34,2.50718489547e+28,6.73795085353e+27,8,Rushtonetal.(2016)
SwiftJ1753(BAT),-1.0,-1.00,-1.00,-1,-1.00,-1.000,-1.000,3.22119444286e+35,8.96232141013e+34,4.41712441584e+28,2.20856220792e+28,8,Rushtonetal.(2016)
SwiftJ1753(BAT),-1.0,-1.00,-1.00,-1,-1.00,-1.000,-1.000,4.45594733582e+35,8.34652491368e+34,1.17321566001e+28,6.76523928929e+27,8,Rushtonetal.(2016)
SwiftJ1753(BAT),-1.0,-1.00,-1.00,-1,-1.00,-1.000,-1.000,3.70290913824e+35,1.85145456912e+35,2.32023731024e+28,8.89055356174e+27,8,Rushtonetal.(2016)
SwiftJ1753(BAT),-1.0,-1.00,-1.00,-1,-1.00,-1.000,-1.000,3.0863994699e+35,1.54319973495e+35,1.25040137784e+28,7.38845933043e+27,8,Rushtonetal.(2016)
SwiftJ1753(BAT),-1.0,-1.00,-1.00,-1,-1.00,-1.000,-1.000,2.89351390362e+35,7.45582808371e+34,2.05714788593e+28,9.02616936736e+27,8,Rushtonetal.(2016)
SwiftJ1753(BAT),-1.0,-1.00,-1.00,-1,-1.00,-1.000,-1.000,2.52852898865e+35,1.26426449432e+35,2.56527179629e+28,7.15290335401e+27,8,Rushtonetal.(2016)
SwiftJ1753(BAT),-1.0,-1.00,-1.00,-1,-1.00,-1.000,-1.000,3.69900315066e+35,1.23085787726e+35,1.07091927402e+28,7.80730657534e+27,8,Rushtonetal.(2016)
SwiftJ1753(BAT),-1.0,-1.00,-1.00,-1,-1.00,-1.000,-1.000,3.96175213238e+35,8.27251961535e+34,2.05737924888e+28,1.08092414436e+28,8,Rushtonetal.(2016)
SwiftJ1753(BAT),-1.0,-1.00,-1.00,-1,-1.00,-1.000,-1.000,5.05441375537e+35,1.1914633593e+35,1.34287913085e+28,1.31378106109e+28,8,Rushtonetal.(2016)
SwiftJ1753(BAT),-1.0,-1.00,-1.00,-1,-1.00,-1.000,-1.000,2.90434863039e+35,7.6541995876e+34,1.1553883821e+28,8.09456495766e+27,8,Rushtonetal.(2016)
SwiftJ1753(BAT),-1.0,-1.00,-1.00,-1,-1.00,-1.000,-1.000,3.99470615959e+35,1.99735307979e+35,1.20453784251e+28,7.62116937389e+27,8,Rushtonetal.(2016)
SwiftJ1753(BAT),-1.0,-1.00,-1.00,-1,-1.00,-1.000,-1.000,3.95012194465e+35,1.0364143047e+35,2.03802100018e+28,6.39044711068e+27,8,Rushtonetal.(2016)
SwiftJ1753(BAT),-1.0,-1.00,-1.00,-1,-1.00,-1.000,-1.000,5.38509510248e+35,8.53024896416e+34,2.00363996527e+28,7.73873701477e+27,8,Rushtonetal.(2016)
SwiftJ1753(BAT),-1.0,-1.00,-1.00,-1,-1.00,-1.000,-1.000,3.78177497729e+35,1.89088748864e+35,1.93067114136e+28,9.77433966706e+27,8,Rushtonetal.(2016)
SwiftJ1753(BAT),-1.0,-1.00,-1.00,-1,-1.00,-1.000,-1.000,4.10895081026e+35,8.87739909596e+34,2.88134989359e+28,1.4406749468e+28,8,Rushtonetal.(2016)
SwiftJ1753(BAT),-1.0,-1.00,-1.00,-1,-1.00,-1.000,-1.000,4.28719440907e+35,8.47687079123e+34,1.25413015734e+28,9.045775197e+27,8,Rushtonetal.(2016)
SwiftJ1753(BAT),-1.0,-1.00,-1.00,-1,-1.00,-1.000,-1.000,4.43083819939e+35,9.62814965756e+34,2.92503248742e+28,9.25568163402e+27,8,Rushtonetal.(2016)
SwiftJ1753(BAT),-1.0,-1.00,-1.00,-1,-1.00,-1.000,-1.000,3.69666614124e+35,1.12562113614e+35,2.57771455327e+28,1.294379102e+28,8,Rushtonetal.(2016)
SwiftJ1753(BAT),-1.0,-1.00,-1.00,-1,-1.00,-1.000,-1.000,3.44730833323e+35,1.086857501e+35,2.61496318523e+28,9.81220634788e+27,8,Rushtonetal.(2016)
SwiftJ1753(BAT),-1.0,-1.00,-1.00,-1,-1.00,-1.000,-1.000,3.66541275469e+35,5.41977720003e+34,6.95395091455e+28,3.47697545728e+28,8,Rushtonetal.(2016)
SwiftJ1753(BAT),-1.0,-1.00,-1.00,-1,-1.00,-1.000,-1.000,3.82069770461e+35,1.01930915124e+35,4.97458581792e+28,2.48729290896e+28,8,Rushtonetal.(2016)
SwiftJ1753(BAT),-1.0,-1.00,-1.00,-1,-1.00,-1.000,-1.000,2.79945750334e+35,1.39972875167e+35,1.72250270052e+28,9.52575981254e+27,8,Rushtonetal.(2016)
SwiftJ1753(BAT),-1.0,-1.00,-1.00,-1,-1.00,-1.000,-1.000,5.4644382181e+35,2.73221910905e+35,5.00004386306e+28,3.53816243822e+28,8,Rushtonetal.(2016)
SwiftJ1753(BAT),-1.0,-1.00,-1.00,-1,-1.00,-1.000,-1.000,6.30522398771e+35,1.71703263992e+35,2.62930290359e+28,1.01833369165e+28,8,Rushtonetal.(2016)
SwiftJ1753(BAT),-1.0,-1.00,-1.00,-1,-1.00,-1.000,-1.000,4.9547287831e+35,6.96571441785e+34,3.12367794746e+28,1.17768663215e+28,8,Rushtonetal.(2016)
SwiftJ1753(BAT),-1.0,-1.00,-1.00,-1,-1.00,-1.000,-1.000,4.64580466454e+35,1.10371578727e+35,2.76601951355e+28,1.10568564618e+28,8,Rushtonetal.(2016)
SwiftJ1753(BAT),-1.0,-1.00,-1.00,-1,-1.00,-1.000,-1.000,4.78652993605e+35,1.15489958515e+35,2.72243991257e+28,1.36121995628e+28,8,Rushtonetal.(2016)
SwiftJ1753(BAT),-1.0,-1.00,-1.00,-1,-1.00,-1.000,-1.000,4.46929462202e+35,7.08975146716e+34,1.24196151926e+28,1.14285812636e+28,8,Rushtonetal.(2016)
SwiftJ1753(BAT),-1.0,-1.00,-1.00,-1,-1.00,-1.000,-1.000,2.80528356907e+35,8.04375601711e+34,1.29964644969e+28,1.02340944973e+28,8,Rushtonetal.(2016)
SwiftJ1753(BAT),-1.0,-1.00,-1.00,-1,-1.00,-1.000,-1.000,3.14237249131e+35,1.57118624566e+35,2.28512407883e+28,7.74780690512e+27,8,Rushtonetal.(2016)
SwiftJ1753(BAT),-1.0,-1.00,-1.00,-1,-1.00,-1.000,-1.000,4.21504335766e+35,2.10752167883e+35,1.98444204186e+28,8.63215659219e+27,8,Rushtonetal.(2016)
SwiftJ1753(BAT),-1.0,-1.00,-1.00,-1,-1.00,-1.000,-1.000,3.58533452343e+35,1.06059631767e+35,1.81844482555e+28,1.4552633582e+28,8,Rushtonetal.(2016)
SwiftJ1753(BAT),-1.0,-1.00,-1.00,-1,-1.00,-1.000,-1.000,4.31813509718e+35,2.15906754859e+35,2.54858296921e+28,7.64136666671e+27,8,Rushtonetal.(2016)
SwiftJ1753(BAT),-1.0,-1.00,-1.00,-1,-1.00,-1.000,-1.000,6.42350080253e+35,3.21175040126e+35,2.11596064841e+28,8.98057118483e+27,8,Rushtonetal.(2016)
SwiftJ1753(BAT),-1.0,-1.00,-1.00,-1,-1.00,-1.000,-1.000,4.2012352527e+35,2.10061762635e+35,1.46111874728e+28,6.89629205321e+27,8,Rushtonetal.(2016)
SwiftJ1753(BAT),-1.0,-1.00,-1.00,-1,-1.00,-1.000,-1.000,3.40388713706e+35,1.70194356853e+35,2.65912937457e+28,8.82817228395e+27,8,Rushtonetal.(2016)
SwiftJ1753(BAT),-1.0,-1.00,-1.00,-1,-1.00,-1.000,-1.000,2.16920007535e+35,7.15492440593e+34,2.51105537812e+28,8.71878789364e+27,8,Rushtonetal.(2016)
SwiftJ1753(BAT),-1.0,-1.00,-1.00,-1,-1.00,-1.000,-1.000,2.47267117193e+35,1.23633558596e+35,2.2104047514e+28,1.17913554107e+28,8,Rushtonetal.(2016)
SwiftJ1753(BAT),-1.0,-1.00,-1.00,-1,-1.00,-1.000,-1.000,4.25500292719e+35,2.1275014636e+35,2.70884680284e+28,6.80110693411e+27,8,Rushtonetal.(2016)
SwiftJ1753(BAT),-1.0,-1.00,-1.00,-1,-1.00,-1.000,-1.000,1.91615571726e+35,6.09964944774e+34,2.27022173015e+28,1.11952928063e+28,8,Rushtonetal.(2016)
SwiftJ1753(BAT),-1.0,-1.00,-1.00,-1,-1.00,-1.000,-1.000,2.47461867978e+35,6.20788699674e+34,1.56857626955e+28,1.05872777509e+28,8,Rushtonetal.(2016)
SwiftJ1753(BAT),-1.0,-1.00,-1.00,-1,-1.00,-1.000,-1.000,3.01239417157e+35,5.61562517262e+34,1.43099024654e+28,8.40288469243e+27,8,Rushtonetal.(2016)
SwiftJ1753(BAT),-1.0,-1.00,-1.00,-1,-1.00,-1.000,-1.000,2.48293536119e+35,6.26126516966e+34,1.49324673997e+28,7.98963475955e+27,8,Rushtonetal.(2016)
SwiftJ1753(BAT),-1.0,-1.00,-1.00,-1,-1.00,-1.000,-1.000,2.11576704305e+35,1.05788352153e+35,2.49038697656e+28,1.79184488856e+28,8,Rushtonetal.(2016)
SwiftJ1753(BAT),-1.0,-1.00,-1.00,-1,-1.00,-1.000,-1.000,2.55102681878e+35,5.75985047233e+34,1.0532680205e+28,7.56954506301e+27,8,Rushtonetal.(2016)
SwiftJ1753(BAT),-1.0,-1.00,-1.00,-1,-1.00,-1.000,-1.000,1.85746715674e+35,5.72561822166e+34,3.65367072394e+28,1.82683536197e+28,8,Rushtonetal.(2016)
SwiftJ1753(BAT),-1.0,-1.00,-1.00,-1,-1.00,-1.000,-1.000,2.34710903196e+35,5.18316871102e+34,1.50919840082e+28,8.54681500448e+27,8,Rushtonetal.(2016)
SwiftJ1753(BAT),-1.0,-1.00,-1.00,-1,-1.00,-1.000,-1.000,2.43700709154e+35,7.07334851371e+34,1.77660350269e+28,9.31852077375e+27,8,Rushtonetal.(2016)
SwiftJ1753(BAT),-1.0,-1.00,-1.00,-1,-1.00,-1.000,-1.000,2.8806164643e+35,6.06250965014e+34,2.46856632674e+28,8.91084142264e+27,8,Rushtonetal.(2016)
SwiftJ1753(BAT),-1.0,-1.00,-1.00,-1,-1.00,-1.000,-1.000,3.10032826549e+35,5.80066584813e+34,1.96445115242e+28,7.92226105836e+27,8,Rushtonetal.(2016)
SwiftJ1753(BAT),-1.0,-1.00,-1.00,-1,-1.00,-1.000,-1.000,3.00471934486e+35,1.50235967243e+35,1.52070120093e+28,8.39577632425e+27,8,Rushtonetal.(2016)
SwiftJ1753(BAT),-1.0,-1.00,-1.00,-1,-1.00,-1.000,-1.000,2.74536615852e+35,6.46018526731e+34,2.2186977642e+28,1.0679642443e+28,8,Rushtonetal.(2016)
SwiftJ1753(BAT),-1.0,-1.00,-1.00,-1,-1.00,-1.000,-1.000,3.86346058826e+35,8.26922805279e+34,1.87708056482e+28,6.48508290361e+27,8,Rushtonetal.(2016)
SwiftJ1753(BAT),-1.0,-1.00,-1.00,-1,-1.00,-1.000,-1.000,2.01703113799e+35,6.02421780564e+34,2.13019601653e+28,7.10444060152e+27,8,Rushtonetal.(2016)
SwiftJ1753(BAT),-1.0,-1.00,-1.00,-1,-1.00,-1.000,-1.000,5.64526020758e+35,2.82263010379e+35,1.86504312654e+28,6.46229910596e+27,8,Rushtonetal.(2016)
SwiftJ1753(BAT),-1.0,-1.00,-1.00,-1,-1.00,-1.000,-1.000,5.64526020758e+35,2.82263010379e+35,1.44147130592e+28,7.92639254264e+27,8,Rushtonetal.(2016)
SwiftJ1753(BAT),-1.0,-1.00,-1.00,-1,-1.00,-1.000,-1.000,2.75405039776e+35,1.37702519888e+35,1.71308576642e+28,8.65223553989e+27,8,Rushtonetal.(2016)
SwiftJ1753(BAT),-1.0,-1.00,-1.00,-1,-1.00,-1.000,-1.000,3.12977677856e+35,9.29043533844e+34,3.08685304831e+28,8.47129128844e+27,8,Rushtonetal.(2016)
SwiftJ1753(BAT),-1.0,-1.00,-1.00,-1,-1.00,-1.000,-1.000,3.55846440103e+35,5.985322508e+34,3.02687948645e+28,9.19275096825e+27,8,Rushtonetal.(2016)
SwiftJ1753(BAT),-1.0,-1.00,-1.00,-1,-1.00,-1.000,-1.000,3.28114476903e+35,8.25907906821e+34,1.98395649773e+28,1.45123633082e+28,8,Rushtonetal.(2016)
SwiftJ1753(BAT),-1.0,-1.00,-1.00,-1,-1.00,-1.000,-1.000,2.29413681843e+35,1.14706840921e+35,1.02206872109e+28,8.91661061245e+27,8,Rushtonetal.(2016)
SwiftJ1753(BAT),-1.0,-1.00,-1.00,-1,-1.00,-1.000,-1.000,2.94185598582e+35,7.02095780956e+34,1.75267126346e+28,7.01843359028e+27,8,Rushtonetal.(2016)
SwiftJ1753(BAT),-1.0,-1.00,-1.00,-1,-1.00,-1.000,-1.000,5.22257420085e+35,6.72175477244e+34,2.68179466448e+28,9.22832038948e+27,8,Rushtonetal.(2016)
SwiftJ1753(BAT),-1.0,-1.00,-1.00,-1,-1.00,-1.000,-1.000,5.04520835206e+35,1.59560141098e+35,2.17034268097e+28,9.36161393478e+27,8,Rushtonetal.(2016)
SwiftJ1753(BAT),-1.0,-1.00,-1.00,-1,-1.00,-1.000,-1.000,3.87998423234e+35,9.67494470535e+34,1.78545561011e+28,6.70851788735e+27,8,Rushtonetal.(2016)
SwiftJ1753(BAT),-1.0,-1.00,-1.00,-1,-1.00,-1.000,-1.000,4.63901307378e+35,9.39022454352e+34,1.79180843002e+28,6.935234462e+27,8,Rushtonetal.(2016)
SwiftJ1753(BAT),-1.0,-1.00,-1.00,-1,-1.00,-1.000,-1.000,6.45107312494e+35,1.26823905612e+35,2.28062825187e+28,6.16659066849e+27,8,Rushtonetal.(2016)
SwiftJ1753(BAT),-1.0,-1.00,-1.00,-1,-1.00,-1.000,-1.000,4.29874779367e+35,7.8965683111e+34,3.01389276968e+28,1.22536820238e+28,8,Rushtonetal.(2016)
SwiftJ1753(BAT),-1.0,-1.00,-1.00,-1,-1.00,-1.000,-1.000,3.60057994405e+35,7.71273454187e+34,2.54914778434e+28,1.11131566722e+28,8,Rushtonetal.(2016)
SwiftJ1753(BAT),-1.0,-1.00,-1.00,-1,-1.00,-1.000,-1.000,4.77777437963e+35,7.65611966576e+34,2.31263265042e+28,8.77882917657e+27,8,Rushtonetal.(2016)
SwiftJ1753(BAT),-1.0,-1.00,-1.00,-1,-1.00,-1.000,-1.000,5.16865292011e+35,7.75843240214e+34,2.21014081303e+28,8.0285829499e+27,8,Rushtonetal.(2016)
SwiftJ1753(BAT),-1.0,-1.00,-1.00,-1,-1.00,-1.000,-1.000,3.10338941867e+35,7.56017061701e+34,2.01069133924e+28,6.63926956729e+27,8,Rushtonetal.(2016)
SwiftJ1753(BAT),-1.0,-1.00,-1.00,-1,-1.00,-1.000,-1.000,5.91628746914e+35,2.95814373457e+35,3.8990579846e+28,8.61775919195e+27,8,Rushtonetal.(2016)
SwiftJ1753(BAT),-1.0,-1.00,-1.00,-1,-1.00,-1.000,-1.000,5.15387929013e+35,7.12930507731e+34,3.18033501222e+28,6.80294504499e+27,8,Rushtonetal.(2016)
SwiftJ1753(BAT),-1.0,-1.00,-1.00,-1,-1.00,-1.000,-1.000,4.81752548354e+35,7.00087927791e+34,3.52510786191e+28,7.66106115119e+27,8,Rushtonetal.(2016)
SwiftJ1753(BAT),-1.0,-1.00,-1.00,-1,-1.00,-1.000,-1.000,3.78330555388e+35,9.26168902537e+34,3.71241477576e+28,8.00221645836e+27,8,Rushtonetal.(2016)
SwiftJ1753(BAT),-1.0,-1.00,-1.00,-1,-1.00,-1.000,-1.000,5.17389747646e+35,7.44611797415e+34,2.46566074226e+28,8.49701277848e+27,8,Rushtonetal.(2016)
SwiftJ1753(BAT),-1.0,-1.00,-1.00,-1,-1.00,-1.000,-1.000,4.01440616154e+35,8.08950873676e+34,3.45886244458e+28,1.090645904e+28,8,Rushtonetal.(2016)
SwiftJ1753(BAT),-1.0,-1.00,-1.00,-1,-1.00,-1.000,-1.000,6.17240395229e+35,1.0760337461e+35,3.55063962452e+28,1.06055086336e+28,8,Rushtonetal.(2016)
SwiftJ1753(BAT),-1.0,-1.00,-1.00,-1,-1.00,-1.000,-1.000,5.48245952314e+35,8.66591620119e+34,3.0348014485e+28,9.58167639664e+27,8,Rushtonetal.(2016)
SwiftJ1753(BAT),-1.0,-1.00,-1.00,-1,-1.00,-1.000,-1.000,4.24007569096e+35,2.12003784548e+35,4.99491881584e+28,2.49745940792e+28,8,Rushtonetal.(2016)
SwiftJ1753(BAT),-1.0,-1.00,-1.00,-1,-1.00,-1.000,-1.000,4.93216512172e+35,1.36297022673e+35,1.59173635906e+28,8.14605059583e+27,8,Rushtonetal.(2016)
SwiftJ1753(BAT),-1.0,-1.00,-1.00,-1,-1.00,-1.000,-1.000,4.91390243543e+35,7.21093582891e+34,2.59218457365e+28,1.42234594398e+28,8,Rushtonetal.(2016)
SwiftJ1753(BAT),-1.0,-1.00,-1.00,-1,-1.00,-1.000,-1.000,2.89678352243e+35,5.54831271818e+34,1.6014304856e+28,8.48086093533e+27,8,Rushtonetal.(2016)
SwiftJ1753(BAT),-1.0,-1.00,-1.00,-1,-1.00,-1.000,-1.000,4.32790006612e+35,5.91954611608e+34,1.4280040357e+28,1.13191353422e+28,8,Rushtonetal.(2016)
SwiftJ1753(BAT),-1.0,-1.00,-1.00,-1,-1.00,-1.000,-1.000,4.69456916394e+35,5.37402448039e+34,2.16420557422e+28,1.05585015722e+28,8,Rushtonetal.(2016)
SwiftJ1753(BAT),-1.0,-1.00,-1.00,-1,-1.00,-1.000,-1.000,3.25867985453e+35,1.62933992726e+35,2.09974225587e+28,7.27887114033e+27,8,Rushtonetal.(2016)
SwiftJ1753(BAT),-1.0,-1.00,-1.00,-1,-1.00,-1.000,-1.000,4.21221261385e+35,6.76465480453e+34,3.30767521964e+28,1.65383760982e+28,8,Rushtonetal.(2016)
SwiftJ1753(BAT),-1.0,-1.00,-1.00,-1,-1.00,-1.000,-1.000,4.95073502052e+35,8.04798018907e+34,3.19636897496e+28,8.3818038637e+27,8,Rushtonetal.(2016)
SwiftJ1753(BAT),-1.0,-1.00,-1.00,-1,-1.00,-1.000,-1.000,3.88105947611e+35,1.14592459122e+35,1.73004697698e+28,1.61248731466e+28,8,Rushtonetal.(2016)
SwiftJ1753(BAT),-1.0,-1.00,-1.00,-1,-1.00,-1.000,-1.000,4.44387827308e+35,7.77598740249e+34,1.47976071889e+28,1.14712384455e+28,8,Rushtonetal.(2016)
SwiftJ1753(BAT),-1.0,-1.00,-1.00,-1,-1.00,-1.000,-1.000,5.82520993298e+35,7.32175176858e+34,3.99120833032e+28,1.20064479084e+28,8,Rushtonetal.(2016)
SwiftJ1753(BAT),-1.0,-1.00,-1.00,-1,-1.00,-1.000,-1.000,4.07266681893e+35,2.03633340946e+35,1.67700332083e+28,1.22259648545e+28,8,Rushtonetal.(2016)
SwiftJ1753(BAT),-1.0,-1.00,-1.00,-1,-1.00,-1.000,-1.000,3.69673197249e+35,8.14738537852e+34,2.52010923033e+28,1.72490350463e+28,8,Rushtonetal.(2016)
SwiftJ1753(BAT),-1.0,-1.00,-1.00,-1,-1.00,-1.000,-1.000,5.66692417519e+35,6.92786144836e+34,4.10551449324e+28,1.18386792933e+28,8,Rushtonetal.(2016)
SwiftJ1753(BAT),-1.0,-1.00,-1.00,-1,-1.00,-1.000,-1.000,6.65330672891e+35,1.00259349935e+35,3.9403013507e+28,1.36257157506e+28,8,Rushtonetal.(2016)
SwiftJ1753(BAT),-1.0,-1.00,-1.00,-1,-1.00,-1.000,-1.000,7.072004459e+35,9.48447295162e+34,2.79422030803e+28,1.39711015402e+28,8,Rushtonetal.(2016)
SwiftJ1753(BAT),-1.0,-1.00,-1.00,-1,-1.00,-1.000,-1.000,6.25854963054e+35,7.34879744099e+34,3.05432497884e+28,8.40455251519e+27,8,Rushtonetal.(2016)
SwiftJ1753(BAT),-1.0,-1.00,-1.00,-1,-1.00,-1.000,-1.000,5.63061275417e+35,8.41537343065e+34,1.20458623305e+29,3.97987430971e+28,8,Rushtonetal.(2016)
SwiftJ1753(BAT),-1.0,-1.00,-1.00,-1,-1.00,-1.000,-1.000,5.02544251886e+35,9.96800349235e+34,2.65299396017e+28,1.25618333783e+28,8,Rushtonetal.(2016)
SwiftJ1753(BAT),-1.0,-1.00,-1.00,-1,-1.00,-1.000,-1.000,5.51941279886e+35,1.01239138392e+35,1.55509243743e+28,9.75635387195e+27,8,Rushtonetal.(2016)
SwiftJ1753(BAT),-1.0,-1.00,-1.00,-1,-1.00,-1.000,-1.000,5.31719016677e+35,1.00559430722e+35,1.6329387883e+28,7.4688659402e+27,8,Rushtonetal.(2016)
SwiftJ1753(BAT),-1.0,-1.00,-1.00,-1,-1.00,-1.000,-1.000,4.38142087342e+35,1.45768493952e+35,3.8249340482e+28,1.03152562749e+28,8,Rushtonetal.(2016)
SwiftJ1753(BAT),-1.0,-1.00,-1.00,-1,-1.00,-1.000,-1.000,5.65088877957e+35,2.82544438978e+35,3.04811583527e+28,7.0646704035e+27,8,Rushtonetal.(2016)
SwiftJ1753(BAT),-1.0,-1.00,-1.00,-1,-1.00,-1.000,-1.000,1.33341693224e+36,6.66708466121e+35,7.5357979151e+27,7.13467402886e+27,8,Rushtonetal.(2016)
SwiftJ1753(BAT),-1.0,-1.00,-1.00,-1,-1.00,-1.000,-1.000,7.83334288018e+35,3.91667144009e+35,3.41618846949e+28,9.27303757316e+27,8,Rushtonetal.(2016)
SwiftJ1753(BAT),-1.0,-1.00,-1.00,-1,-1.00,-1.000,-1.000,4.29283943887e+35,2.14641971944e+35,1.06310042248e+28,1.0380221659e+28,8,Rushtonetal.(2016)
SwiftJ1753(BAT),-1.0,-1.00,-1.00,-1,-1.00,-1.000,-1.000,4.68371797935e+35,9.09513595961e+34,3.03664137527e+28,1.07583223068e+28,8,Rushtonetal.(2016)
SwiftJ1753(BAT),-1.0,-1.00,-1.00,-1,-1.00,-1.000,-1.000,3.524703941e+35,6.31052888938e+34,2.29346267895e+28,1.14673133948e+28,8,Rushtonetal.(2016)
SwiftJ1753(BAT),-1.0,-1.00,-1.00,-1,-1.00,-1.000,-1.000,3.47099661182e+35,5.18141321098e+34,2.85781989952e+28,1.42890994976e+28,8,Rushtonetal.(2016)
SwiftJ1753(BAT),-1.0,-1.00,-1.00,-1,-1.00,-1.000,-1.000,3.17233119659e+35,5.52247395205e+34,2.02586096441e+28,1.0129304822e+28,8,Rushtonetal.(2016)
SwiftJ1753(BAT),-1.0,-1.00,-1.00,-1,-1.00,-1.000,-1.000,2.51988863692e+35,1.25994431846e+35,3.24418864617e+28,1.62209432309e+28,8,Rushtonetal.(2016)
SwiftJ1753(BAT),-1.0,-1.00,-1.00,-1,-1.00,-1.000,-1.000,1.60565713461e+35,8.02828567306e+34,2.13065079904e+28,1.06532539952e+28,8,Rushtonetal.(2016)
SwiftJ1753(BAT),-1.0,-1.00,-1.00,-1,-1.00,-1.000,-1.000,3.91059576419e+35,1.23620666643e+35,2.17677345782e+28,1.08838672891e+28,8,Rushtonetal.(2016)
SwiftJ1753(BAT),-1.0,-1.00,-1.00,-1,-1.00,-1.000,-1.000,2.06445158267e+35,1.03222579134e+35,2.04607091349e+28,1.02303545675e+28,8,Rushtonetal.(2016)
SwiftJ1753(BAT),-1.0,-1.00,-1.00,-1,-1.00,-1.000,-1.000,1.6215553818e+35,8.107776909e+34,3.80662331033e+28,1.90331165517e+28,8,Rushtonetal.(2016)
SwiftJ1753(BAT),-1.0,-1.00,-1.00,-1,-1.00,-1.000,-1.000,3.37829523812e+35,1.68914761906e+35,1.58641203957e+28,1.28853689566e+28,8,Rushtonetal.(2016)
SwiftJ1753(BAT),-1.0,-1.00,-1.00,-1,-1.00,-1.000,-1.000,2.39322930943e+35,1.19661465472e+35,2.88269843643e+28,1.44134921822e+28,8,Rushtonetal.(2016)
SwiftJ1753(BAT),-1.0,-1.00,-1.00,-1,-1.00,-1.000,-1.000,2.74485048039e+35,1.37242524019e+35,2.43733460764e+28,1.21866730382e+28,8,Rushtonetal.(2016)
SwiftJ1753(BAT),-1.0,-1.00,-1.00,-1,-1.00,-1.000,-1.000,2.13235651838e+35,1.06617825919e+35,3.68842453097e+28,1.84421226549e+28,8,Rushtonetal.(2016)
SwiftJ1753(BAT),-1.0,-1.00,-1.00,-1,-1.00,-1.000,-1.000,2.07511624538e+35,1.03755812269e+35,2.80271495538e+28,1.40135747769e+28,8,Rushtonetal.(2016)
SwiftJ1753(BAT),-1.0,-1.00,-1.00,-1,-1.00,-1.000,-1.000,3.37404912242e+35,1.68702456121e+35,2.56926913288e+28,1.28463456644e+28,8,Rushtonetal.(2016)
SwiftJ1753(BAT),-1.0,-1.00,-1.00,-1,-1.00,-1.000,-1.000,2.31372161569e+35,1.15686080784e+35,2.35209999741e+28,1.17604999871e+28,8,Rushtonetal.(2016)
SwiftJ1753(BAT),-1.0,-1.00,-1.00,-1,-1.00,-1.000,-1.000,2.26645477726e+35,1.13322738863e+35,2.35262584699e+28,1.1763129235e+28,8,Rushtonetal.(2016)
SwiftJ1753(BAT),-1.0,-1.00,-1.00,-1,-1.00,-1.000,-1.000,3.5670663512e+35,1.7835331756e+35,2.86347824312e+28,1.43173912156e+28,8,Rushtonetal.(2016)
SwiftJ1753(BAT),-1.0,-1.00,-1.00,-1,-1.00,-1.000,-1.000,2.47767434703e+35,1.23883717351e+35,3.4930491749e+28,1.74652458745e+28,8,Rushtonetal.(2016)
SwiftJ1753(BAT),-1.0,-1.00,-1.00,-1,-1.00,-1.000,-1.000,3.35151837666e+35,1.67575918833e+35,4.99771396061e+28,2.49885698031e+28,8,Rushtonetal.(2016)
SwiftJ1753(BAT),-1.0,-1.00,-1.00,-1,-1.00,-1.000,-1.000,2.38055679356e+35,6.32567007717e+34,4.3196833233e+28,2.15984166165e+28,8,Rushtonetal.(2016)
SwiftJ1753(BAT),-1.0,-1.00,-1.00,-1,-1.00,-1.000,-1.000,3.16189145732e+35,7.83062734106e+34,2.60015090185e+28,2.3878219568e+28,8,Rushtonetal.(2016)
SwiftJ1753(BAT),-1.0,-1.00,-1.00,-1,-1.00,-1.000,-1.000,1.97956218413e+35,9.89781092066e+34,2.42376758055e+28,1.35856404914e+28,8,Rushtonetal.(2016)
SwiftJ1753(BAT),-1.0,-1.00,-1.00,-1,-1.00,-1.000,-1.000,4.44134157553e+36,1.63925850246e+35,2.35181310196e+29,2.56986199883e+28,8,Rushtonetal.(2016)
SwiftJ1753(BAT),-1.0,-1.00,-1.00,-1,-1.00,-1.000,-1.000,4.3734037242e+36,1.92264009552e+35,2.49977485341e+29,4.04947951331e+28,8,Rushtonetal.(2016)
SwiftJ1753(BAT),-1.0,-1.00,-1.00,-1,-1.00,-1.000,-1.000,4.3354991869e+36,1.9918836e+35,2.39853786558e+29,3.58223187716e+28,8,Rushtonetal.(2016)
SwiftJ1753(BAT),-1.0,-1.00,-1.00,-1,-1.00,-1.000,-1.000,3.57592668903e+36,1.39797050866e+35,2.42968770799e+29,3.50435727113e+28,8,Rushtonetal.(2016)
SwiftJ1753(BAT),-1.0,-1.00,-1.00,-1,-1.00,-1.000,-1.000,3.1427866796e+36,1.31811171491e+35,1.02015733893e+29,3.03710963498e+28,8,Rushtonetal.(2016)
SwiftJ1753(BAT),-1.0,-1.00,-1.00,-1,-1.00,-1.000,-1.000,2.76577494361e+36,3.21576336462e+35,9.18920351097e+28,3.34860805908e+28,8,Rushtonetal.(2016)
SwiftJ1753(BAT),-1.0,-1.00,-1.00,-1,-1.00,-1.000,-1.000,1.73706673547e+36,7.54777239801e+34,6.69721611816e+28,1.63536672653e+28,8,Rushtonetal.(2016)
SwiftJ1753(BAT),-1.0,-1.00,-1.00,-1,-1.00,-1.000,-1.000,1.80966708518e+36,1.62243313182e+35,5.13972399766e+28,3.50435727113e+28,8,Rushtonetal.(2016)
SwiftJ1753(BAT),-1.0,-1.00,-1.00,-1,-1.00,-1.000,-1.000,1.45942562753e+36,8.08215758037e+34,8.17683363264e+28,2.49198739281e+28,8,Rushtonetal.(2016)
SwiftJ1753(BAT),-1.0,-1.00,-1.00,-1,-1.00,-1.000,-1.000,3.28410717534e+35,1.64205358767e+35,3.81585569523e+28,1.09024448435e+28,8,Rushtonetal.(2016)
SwiftJ1753(BAT),-1.0,-1.00,-1.00,-1,-1.00,-1.000,-1.000,3.93137649585e+36,1.63877573995e+35,1.71324133255e+29,1.5574921205e+28,8,Rushtonetal.(2016)
SwiftJ1753(BAT),-1.0,-1.00,-1.00,-1,-1.00,-1.000,-1.000,4.2244122419e+36,1.65371943399e+35,8.56620666277e+28,1.5574921205e+28,8,Rushtonetal.(2016)
SwiftJ1753(BAT),-1.0,-1.00,-1.00,-1,-1.00,-1.000,-1.000,4.45471025689e+36,1.68639916432e+35,9.34495272302e+28,1.5574921205e+28,8,Rushtonetal.(2016)
SwiftJ1753(BAT),-1.0,-1.00,-1.00,-1,-1.00,-1.000,-1.000,4.54253463205e+36,1.8180616669e+35,7.78746060251e+28,3.89373030125e+28,8,Rushtonetal.(2016)
SwiftJ1753(BAT),-1.0,-1.00,-1.00,-1,-1.00,-1.000,-1.000,4.44134157553e+36,1.63925850246e+35,6.22996848201e+28,2.33623818076e+28,8,Rushtonetal.(2016)
SwiftJ1753(BAT),-1.0,-1.00,-1.00,-1,-1.00,-1.000,-1.000,4.44134157553e+36,1.63925850246e+35,2.1727015081e+29,3.89373030126e+27,8,Rushtonetal.(2016)
SwiftJ1753(BAT),-1.0,-1.00,-1.00,-1,-1.00,-1.000,-1.000,4.3734037242e+36,1.92264009552e+35,1.74439117496e+29,1.09024448435e+28,8,Rushtonetal.(2016)
SwiftJ1753(BAT),-1.0,-1.00,-1.00,-1,-1.00,-1.000,-1.000,4.3354991869e+36,1.9918836e+35,2.14933912629e+29,1.09024448435e+28,8,Rushtonetal.(2016)
SwiftJ1753(BAT),-1.0,-1.00,-1.00,-1,-1.00,-1.000,-1.000,3.57592668903e+36,1.39797050866e+35,1.8534156234e+29,1.01236987833e+28,8,Rushtonetal.(2016)
SwiftJ1753(BAT),-1.0,-1.00,-1.00,-1,-1.00,-1.000,-1.000,3.1427866796e+36,1.31811171491e+35,1.16811909038e+29,1.01236987833e+28,8,Rushtonetal.(2016)
SwiftJ1753(BAT),-1.0,-1.00,-1.00,-1,-1.00,-1.000,-1.000,2.76577494361e+36,3.21576336462e+35,6.54146690611e+28,9.34495272302e+27,8,Rushtonetal.(2016)
SwiftJ1753(BAT),-1.0,-1.00,-1.00,-1,-1.00,-1.000,-1.000,1.73706673547e+36,7.54777239801e+34,5.76272084586e+28,3.89373030126e+27,8,Rushtonetal.(2016)
SwiftJ1753(BAT),-1.0,-1.00,-1.00,-1,-1.00,-1.000,-1.000,1.80966708518e+36,1.62243313182e+35,4.43885254343e+28,7.00871454227e+27,8,Rushtonetal.(2016)
SwiftJ1753(BAT),-1.0,-1.00,-1.00,-1,-1.00,-1.000,-1.000,1.45942562753e+36,8.08215758037e+34,4.04947951331e+28,5.45122242176e+27,8,Rushtonetal.(2016)
SwiftJ1753(BAT),-1.0,-1.00,-1.00,-1,-1.00,-1.000,-1.000,1.02845420923e+36,9.42906498178e+34,5.68484623984e+28,9.34495272302e+27,8,Rushtonetal.(2016)
SwiftJ1753(BAT),-1.0,-1.00,-1.00,-1,-1.00,-1.000,-1.000,9.18649327859e+35,9.57400345337e+34,3.19285884703e+28,5.45122242176e+27,8,Rushtonetal.(2016)
SwiftJ1753(BAT),-1.0,-1.00,-1.00,-1,-1.00,-1.000,-1.000,8.07413165365e+35,5.98927238308e+34,3.50435727113e+28,4.67247636151e+27,8,Rushtonetal.(2016)
SwiftJ1753(BAT),-1.0,-1.00,-1.00,-1,-1.00,-1.000,-1.000,6.67901383254e+35,8.56382290231e+34,3.50435727113e+28,4.67247636151e+27,8,Rushtonetal.(2016)
SwiftJ1753(BAT),-1.0,-1.00,-1.00,-1,-1.00,-1.000,-1.000,6.95040865192e+35,4.91375431511e+34,1.8689905446e+28,9.34495272302e+27,8,Rushtonetal.(2016)
SwiftJ1753(BAT),-1.0,-1.00,-1.00,-1,-1.00,-1.000,-1.000,6.56121429429e+35,7.71119847934e+34,2.56986199883e+28,4.67247636151e+27,8,Rushtonetal.(2016)
SwiftJ1753(BAT),-1.0,-1.00,-1.00,-1,-1.00,-1.000,-1.000,6.15414675193e+35,1.09107070108e+35,2.80348581691e+28,4.67247636151e+27,8,Rushtonetal.(2016)
SwiftJ1753(BAT),-1.0,-1.00,-1.00,-1,-1.00,-1.000,-1.000,5.17995943752e+35,8.5081406356e+34,3.73798108921e+28,7.00871454227e+27,8,Rushtonetal.(2016)
SwiftJ1753(BAT),-1.0,-1.00,-1.00,-1,-1.00,-1.000,-1.000,5.44212142391e+35,2.72106071195e+35,1.63536672653e+28,3.89373030126e+27,8,Rushtonetal.(2016)
SwiftJ1753(BAT),-1.0,-1.00,-1.00,-1,-1.00,-1.000,-1.000,1.03273433775e+36,5.16367168876e+35,2.10261436268e+28,3.89373030126e+27,8,Rushtonetal.(2016)
SwiftJ1753(BAT),-1.0,-1.00,-1.00,-1,-1.00,-1.000,-1.000,4.47480798931e+35,1.32031706183e+35,2.41411278678e+28,4.67247636151e+27,8,Rushtonetal.(2016)
SwiftJ1753(BAT),-1.0,-1.00,-1.00,-1,-1.00,-1.000,-1.000,3.87841525418e+35,4.74456799929e+34,2.72561121088e+28,4.67247636151e+27,8,Rushtonetal.(2016)
SwiftJ1753(BAT),-1.0,-1.00,-1.00,-1,-1.00,-1.000,-1.000,3.44197600187e+35,6.354964984e+34,1.2459936964e+28,6.22996848201e+27,8,Rushtonetal.(2016)
SwiftJ1753(BAT),-1.0,-1.00,-1.00,-1,-1.00,-1.000,-1.000,3.80866704344e+35,1.90433352172e+35,1.32386830243e+28,6.61934151214e+27,8,Rushtonetal.(2016)
SwiftJ1753(BAT),-1.0,-1.00,-1.00,-1,-1.00,-1.000,-1.000,4.30549549693e+35,2.15274774847e+35,5.45122242176e+27,3.89373030126e+27,8,Rushtonetal.(2016)
SwiftJ1753(BAT),-1.0,-1.00,-1.00,-1,-1.00,-1.000,-1.000,4.70941959704e+35,2.35470979852e+35,6.22996848202e+27,3.11498424101e+27,8,Rushtonetal.(2016)
SwiftJ1753(BAT),-1.0,-1.00,-1.00,-1,-1.00,-1.000,-1.000,3.28410717534e+35,1.64205358767e+35,3.11498424101e+27,2.33623818076e+27,8,Rushtonetal.(2016)
SwiftJ1753(BAT),-1.0,-1.00,-1.00,-1,-1.00,-1.000,-1.000,3.81630895453e+35,4.55810098001e+34,1.40174290845e+28,4.67247636151e+27,8,Rushtonetal.(2016)
SwiftJ1753(BAT),-1.0,-1.00,-1.00,-1,-1.00,-1.000,-1.000,5.37193433816e+35,8.23214311456e+34,1.79111593858e+28,8.9555796929e+27,8,Rushtonetal.(2016)
SwiftJ1753(BAT),-1.0,-1.00,-1.00,-1,-1.00,-1.000,-1.000,4.63131081738e+35,2.31565540869e+35,8.56620666277e+27,2.33623818076e+27,8,Rushtonetal.(2016)
SwiftJ1753(BAT),-1.0,-1.00,-1.00,-1,-1.00,-1.000,-1.000,3.46656946017e+35,5.43700304412e+34,2.02473975665e+28,5.45122242176e+27,8,Rushtonetal.(2016)
SwiftJ1753(BAT),-1.0,-1.00,-1.00,-1,-1.00,-1.000,-1.000,6.04120226847e+35,3.02060113423e+35,2.25836357473e+28,3.89373030126e+27,8,Rushtonetal.(2016)
SwiftJ1753(BAT),-1.0,-1.00,-1.00,-1,-1.00,-1.000,-1.000,8.248458293e+35,4.1242291465e+35,2.41411278678e+28,4.67247636151e+27,8,Rushtonetal.(2016)
SwiftJ1753(BAT),-1.0,-1.00,-1.00,-1,-1.00,-1.000,-1.000,5.98262891263e+35,8.64024201319e+34,1.47961751448e+28,7.39808757239e+27,8,Rushtonetal.(2016)
SwiftJ1753(BAT),-1.0,-1.00,-1.00,-1,-1.00,-1.000,-1.000,6.68459851702e+35,1.17124767922e+35,1.01236987833e+28,5.06184939163e+27,8,Rushtonetal.(2016)
SwiftJ1753(BAT),-1.0,-1.00,-1.00,-1,-1.00,-1.000,-1.000,1.5259881543e+36,7.6299407715e+35,1.71324133255e+28,3.11498424101e+27,8,Rushtonetal.(2016)
SwiftJ1753(BAT),-1.0,-1.00,-1.00,-1,-1.00,-1.000,-1.000,6.14561063302e+35,8.89034590872e+34,1.47961751448e+28,7.39808757239e+27,8,Rushtonetal.(2016)
SwiftJ1753(BAT),-1.0,-1.00,-1.00,-1,-1.00,-1.000,-1.000,6.0681053065e+35,5.75771095666e+34,1.47961751448e+28,3.89373030126e+27,8,Rushtonetal.(2016)
SwiftJ1753(BAT),-1.0,-1.00,-1.00,-1,-1.00,-1.000,-1.000,6.13457292655e+35,5.97281457025e+34,7.78746060252e+27,3.89373030126e+27,8,Rushtonetal.(2016)
SwiftJ1753(BAT),-1.0,-1.00,-1.00,-1,-1.00,-1.000,-1.000,5.96851359517e+35,1.6676811452e+35,1.32386830243e+28,4.67247636151e+27,8,Rushtonetal.(2016)
SwiftJ1753(BAT),-1.0,-1.00,-1.00,-1,-1.00,-1.000,-1.000,6.21798660787e+35,3.83554813772e+34,2.49198739281e+28,3.89373030126e+27,8,Rushtonetal.(2016)
SwiftJ1753(BAT),-1.0,-1.00,-1.00,-1,-1.00,-1.000,-1.000,7.26628893937e+35,7.81905201271e+34,1.8689905446e+28,3.89373030126e+27,8,Rushtonetal.(2016)
SwiftJ1753(BAT),-1.0,-1.00,-1.00,-1,-1.00,-1.000,-1.000,6.94787414875e+35,7.17094334375e+34,1.47961751448e+28,3.11498424101e+27,8,Rushtonetal.(2016)
SwiftJ1753(BAT),-1.0,-1.00,-1.00,-1,-1.00,-1.000,-1.000,7.63165238403e+35,6.48020893958e+34,2.72561121088e+28,3.11498424101e+27,8,Rushtonetal.(2016)
SwiftJ1753(BAT),-1.0,-1.00,-1.00,-1,-1.00,-1.000,-1.000,4.44134157553e+36,1.63925850246e+35,1.52634227809e+29,3.11498424101e+27,8,Rushtonetal.(2016)
SwiftJ1753(BAT),-1.0,-1.00,-1.00,-1,-1.00,-1.000,-1.000,4.3734037242e+36,1.92264009552e+35,8.87770508687e+28,9.34495272302e+27,8,Rushtonetal.(2016)
SwiftJ1753(BAT),-1.0,-1.00,-1.00,-1,-1.00,-1.000,-1.000,4.3354991869e+36,1.9918836e+35,2.06367705967e+29,2.02473975665e+28,8,Rushtonetal.(2016)
SwiftJ1753(BAT),-1.0,-1.00,-1.00,-1,-1.00,-1.000,-1.000,3.57592668903e+36,1.39797050866e+35,1.88456546581e+29,3.89373030126e+27,8,Rushtonetal.(2016)
SwiftJ1753(BAT),-1.0,-1.00,-1.00,-1,-1.00,-1.000,-1.000,3.1427866796e+36,1.31811171491e+35,1.40953036906e+29,7.00871454227e+27,8,Rushtonetal.(2016)
SwiftJ1753(BAT),-1.0,-1.00,-1.00,-1,-1.00,-1.000,-1.000,2.76577494361e+36,3.21576336462e+35,3.66010648318e+28,7.78746060252e+27,8,Rushtonetal.(2016)
SwiftJ1753(BAT),-1.0,-1.00,-1.00,-1,-1.00,-1.000,-1.000,2.4009869738e+36,5.01146434984e+35,4.43885254343e+28,5.45122242176e+27,8,Rushtonetal.(2016)
SwiftJ1753(BAT),-1.0,-1.00,-1.00,-1,-1.00,-1.000,-1.000,1.73706673547e+36,7.54777239801e+34,5.29547320971e+28,7.78746060252e+27,8,Rushtonetal.(2016)
SwiftJ1753(BAT),-1.0,-1.00,-1.00,-1,-1.00,-1.000,-1.000,1.73706673547e+36,7.54777239801e+34,7.55383678444e+28,1.63536672653e+28,8,Rushtonetal.(2016)
SwiftJ1753(BAT),-1.0,-1.00,-1.00,-1,-1.00,-1.000,-1.000,1.70061158288e+36,7.9603149061e+34,4.36097793741e+28,6.22996848201e+27,8,Rushtonetal.(2016)
SwiftJ1753(BAT),-1.0,-1.00,-1.00,-1,-1.00,-1.000,-1.000,1.58150090554e+36,7.4881951156e+34,5.06184939164e+28,3.89373030126e+27,8,Rushtonetal.(2016)
SwiftJ1753(BAT),-1.0,-1.00,-1.00,-1,-1.00,-1.000,-1.000,1.46285378994e+36,3.67485953925e+35,4.28310333138e+28,5.45122242176e+27,8,Rushtonetal.(2016)
SwiftJ1753(BAT),-1.0,-1.00,-1.00,-1,-1.00,-1.000,-1.000,1.80966708518e+36,1.62243313182e+35,4.82822557356e+28,5.45122242176e+27,8,Rushtonetal.(2016)
SwiftJ1753(BAT),-1.0,-1.00,-1.00,-1,-1.00,-1.000,-1.000,1.45942562753e+36,8.08215758037e+34,4.98397478561e+28,5.45122242176e+27,8,Rushtonetal.(2016)
SwiftJ1753(BAT),-1.0,-1.00,-1.00,-1,-1.00,-1.000,-1.000,1.58074165178e+36,2.20078261816e+35,3.03710963498e+28,7.78746060252e+27,8,Rushtonetal.(2016)
SwiftJ1753(BAT),-1.0,-1.00,-1.00,-1,-1.00,-1.000,-1.000,1.02845420923e+36,9.42906498178e+34,2.88136042293e+28,5.45122242176e+27,8,Rushtonetal.(2016)
SwiftJ1753(BAT),-1.0,-1.00,-1.00,-1,-1.00,-1.000,-1.000,9.18649327859e+35,9.57400345337e+34,3.50435727113e+28,7.00871454227e+27,8,Rushtonetal.(2016)
SwiftJ1753(BAT),-1.0,-1.00,-1.00,-1,-1.00,-1.000,-1.000,3.87841525418e+35,4.74456799929e+34,1.79111593858e+28,4.67247636151e+27,8,Rushtonetal.(2016)
SwiftJ1753(BAT),-1.0,-1.00,-1.00,-1,-1.00,-1.000,-1.000,7.67826639589e+35,1.22405531463e+35,3.89373030126e+28,1.5574921205e+27,8,Rushtonetal.(2016)
SwiftJ1753(BAT),-1.0,-1.00,-1.00,-1,-1.00,-1.000,-1.000,7.67826639589e+35,1.22405531463e+35,3.27073345306e+28,3.89373030126e+27,8,Rushtonetal.(2016)
SwiftJ1753(BAT),-1.0,-1.00,-1.00,-1,-1.00,-1.000,-1.000,1.00377078156e+36,7.05683584151e+34,3.11498424101e+28,1.5574921205e+27,8,Rushtonetal.(2016)
SwiftJ1753(BAT),-1.0,-1.00,-1.00,-1,-1.00,-1.000,-1.000,8.2476847758e+35,9.62376090747e+34,2.1804889687e+28,3.89373030126e+27,8,Rushtonetal.(2016)
SwiftJ1753(BAT),-1.0,-1.00,-1.00,-1,-1.00,-1.000,-1.000,8.97281052283e+35,7.05145962266e+34,3.03710963498e+28,3.89373030126e+27,8,Rushtonetal.(2016)
SwiftJ1753(BAT),-1.0,-1.00,-1.00,-1,-1.00,-1.000,-1.000,8.56632448986e+35,8.27076411532e+34,3.27073345306e+28,3.89373030126e+27,8,Rushtonetal.(2016)
SwiftJ1753(BAT),-1.0,-1.00,-1.00,-1,-1.00,-1.000,-1.000,7.82092271743e+35,1.2040810158e+35,7.00871454227e+27,3.50435727113e+27,8,Rushtonetal.(2016)
SwiftJ1753(BAT),-1.0,-1.00,-1.00,-1,-1.00,-1.000,-1.000,8.2476847758e+35,9.62376090747e+34,2.33623818076e+28,1.16811909038e+28,8,Rushtonetal.(2016)
SwiftJ1753(BAT),-1.0,-1.00,-1.00,-1,-1.00,-1.000,-1.000,8.97281052283e+35,7.05145962266e+34,2.33623818076e+28,1.16811909038e+28,8,Rushtonetal.(2016)
SwiftJ1753(BAT),-1.0,-1.00,-1.00,-1,-1.00,-1.000,-1.000,8.56632448986e+35,8.27076411532e+34,2.33623818076e+28,1.16811909038e+28,8,Rushtonetal.(2016)
SwiftJ1753(BAT),-1.0,-1.00,-1.00,-1,-1.00,-1.000,-1.000,7.82092271743e+35,1.2040810158e+35,2.33623818076e+28,1.16811909038e+28,8,Rushtonetal.(2016)
